order_id,order_date,ship_date,ship_mode,customer_name,segment,state,country,market,region,product_id,category,sub_category,product_name,sales,quantity,discount,profit,shipping_cost,order_priority,year
ID-2014-16530,2014-12-22,2014-12-27,Standard Class,Harry Marie,Corporate,Seoul,South Korea,APAC,North Asia,OFF-SU-10000618,Office Supplies,Supplies,"Acme Trimmer, High Speed",45,2,0.5,-11.64,3.11,Medium,2014
CA-2014-165841,2014-12-22,2014-12-29,Standard Class,Dean Braden,Consumer,New Jersey,United States,US,East,OFF-SU-10000898,Office Supplies,Supplies,"Acme Hot Forged Carbon Steel Scissors with Nickel-Plated Handles, 3 7/8"" Cut, 8""L",70,5,0.0,20.155,9.85,Low,2014
ES-2014-5566428,2014-12-22,2014-12-26,Standard Class,Deborah Brumfield,Home Office,Bavaria,Germany,EU,Central,FUR-CH-10003248,Furniture,Chairs,"SAFCO Bag Chairs, Black",127,3,0.1,9.837,11.25,Medium,2014
CA-2014-144827,2014-12-22,2014-12-28,Standard Class,Sanjit Engle,Consumer,California,United States,US,West,OFF-ST-10004340,Office Supplies,Storage,"Fellowes Mobile File Cart, Black",124,2,0.0,33.5772,6.61,Medium,2014
EG-2014-1110,2014-12-22,2014-12-23,First Class,Raymond Messe,Consumer,Al Qahirah,Egypt,Africa,Africa,OFF-CAR-10001746,Office Supplies,Binders,"Cardinal Index Tab, Clear",40,6,0.0,16.92,5.03,Medium,2014
EG-2014-1110,2014-12-22,2014-12-23,First Class,Raymond Messe,Consumer,Al Qahirah,Egypt,Africa,Africa,OFF-AVE-10004310,Office Supplies,Labels,"Avery File Folder Labels, Alphabetical",18,2,0.0,5.88,4.26,Medium,2014
SU-2014-6350,2014-12-22,2014-12-28,Standard Class,Grant Thornton,Corporate,Khartoum,Sudan,Africa,Africa,FUR-HON-10001622,Furniture,Chairs,"Hon Chairmat, Red",56,1,0.0,7.77,3.68,Medium,2014
SU-2014-6350,2014-12-22,2014-12-28,Standard Class,Grant Thornton,Corporate,Khartoum,Sudan,Africa,Africa,OFF-AVE-10003279,Office Supplies,Binders,"Avery Hole Reinforcements, Durable",47,8,0.0,16.8,3.41,Medium,2014
IN-2014-17489,2014-12-22,2014-12-26,Standard Class,David Flashing,Consumer,Jawa Timur,Indonesia,APAC,Southeast Asia,OFF-AR-10000539,Office Supplies,Art,"Boston Markers, Easy-Erase",58,3,0.27,-15.9984,3.25,Medium,2014
MX-2014-130071,2014-12-22,2014-12-24,First Class,Cassandra Brandow,Consumer,Las Tunas,Cuba,LATAM,Caribbean,OFF-LA-10002258,Office Supplies,Labels,"Smead File Folder Labels, Adjustable",9,2,0.0,2.24,2.45,Critical,2014
US-2014-131450,2014-12-22,2014-12-27,Standard Class,Tony Chapman,Home Office,Santa Catarina,Brazil,LATAM,South,OFF-BI-10001199,Office Supplies,Binders,"Acco Index Tab, Durable",2,1,0.6,-2.276,0.21,Medium,2014
CA-2014-107461,2014-12-22,2014-12-27,Second Class,Pete Kriz,Consumer,South Carolina,United States,US,South,OFF-BI-10002003,Office Supplies,Binders,Ibico Presentation Index for Binding Systems,24,6,0.0,11.2236,1.68,Medium,2014
IN-2014-64347,2014-12-22,2014-12-26,Standard Class,Joe Elijah,Consumer,Hong Kong,Hong Kong,APAC,North Asia,OFF-LA-10004430,Office Supplies,Labels,"Avery Shipping Labels, Laser Printer Compatible",12,1,0.0,5.55,0.94,Medium,2014
US-2014-122322,2014-12-22,2014-12-29,Standard Class,Philip Brown,Consumer,Buenos Aires,Argentina,LATAM,South,OFF-AR-10004920,Office Supplies,Art,"Boston Canvas, Water Color",136,6,0.4,11.328,0.7,Medium,2014
CA-2014-163405,2014-12-22,2014-12-26,Standard Class,Bradley Nguyen,Consumer,California,United States,US,West,OFF-AR-10001246,Office Supplies,Art,Newell 317,6,2,0.0,1.7052,0.66,High,2014
IN-2014-64347,2014-12-22,2014-12-26,Standard Class,Joe Elijah,Consumer,Hong Kong,Hong Kong,APAC,North Asia,OFF-BI-10003713,Office Supplies,Binders,"Wilson Jones Index Tab, Economy",19,3,0.0,7.11,0.58,Medium,2014
ES-2014-2785434,2014-12-22,2014-12-25,Second Class,Larry Blacks,Consumer,Aquitaine,France,EU,Central,OFF-BI-10003708,Office Supplies,Binders,"Avery Binder, Economy",26,2,0.0,10.02,0.55,Medium,2014
MX-2014-137743,2014-12-22,2014-12-26,Standard Class,Bryan Spruell,Home Office,Maranhão,Brazil,LATAM,South,FUR-FU-10002007,Furniture,Furnishings,"Rubbermaid Stacking Tray, Black",34,2,0.0,2.68,0.4,Medium,2014
CA-2014-163405,2014-12-22,2014-12-26,Standard Class,Bradley Nguyen,Consumer,California,United States,US,West,OFF-AR-10003811,Office Supplies,Art,Newell 327,7,3,0.0,1.7901,0.29,High,2014
MX-2014-113327,2014-12-22,2014-12-24,First Class,Brooke Gillingham,Corporate,Minas Gerais,Brazil,LATAM,South,OFF-FA-10001337,Office Supplies,Fasteners,"Stockwell Staples, Assorted Sizes",37,7,0.0,16.8,0.04,High,2014
IN-2014-44789,2014-12-22,2014-12-24,First Class,Joni Blumstein,Consumer,Guizhou,China,APAC,North Asia,TEC-AC-10002833,Technology,Accessories,"Logitech Mouse, USB",59,2,0.0,12.96,13.23,Critical,2014
CA-2014-137456,2014-12-22,2014-12-22,Same Day,Rick Bensley,Home Office,Nebraska,United States,US,Central,FUR-FU-10001940,Furniture,Furnishings,Staples,16,2,0.0,7.0048,1.94,Medium,2014
MX-2014-130071,2014-12-22,2014-12-24,First Class,Cassandra Brandow,Consumer,Las Tunas,Cuba,LATAM,Caribbean,OFF-PA-10000752,Office Supplies,Paper,"Xerox Note Cards, Premium",70,4,0.0,28.8,13.26,Critical,2014
US-2014-122322,2014-12-22,2014-12-29,Standard Class,Philip Brown,Consumer,Buenos Aires,Argentina,LATAM,South,FUR-CH-10000885,Furniture,Chairs,"Hon Executive Leather Armchair, Adjustable",919,5,0.4,-168.54,77.44,Medium,2014
CA-2014-106782,2014-12-22,2014-12-28,Standard Class,Liz Preis,Consumer,Indiana,United States,US,Central,OFF-ST-10004459,Office Supplies,Storage,Tennsco Single-Tier Lockers,375,1,0.0,18.767,14.98,Medium,2014
IN-2014-17489,2014-12-22,2014-12-26,Standard Class,David Flashing,Consumer,Jawa Timur,Indonesia,APAC,Southeast Asia,OFF-BI-10004651,Office Supplies,Binders,"Cardinal Binding Machine, Clear",163,4,0.17,57.0036,14.21,Medium,2014
MX-2014-120026,2014-12-22,2014-12-24,First Class,Steve Chapman,Corporate,San Salvador,El Salvador,LATAM,Central,FUR-CH-10002033,Furniture,Chairs,"Harbour Creations Executive Leather Armchair, Adjustable",1270,4,0.0,355.44,333.15,High,2014
CA-2014-138380,2014-12-22,2014-12-26,Standard Class,Yana Sorensen,Corporate,California,United States,US,West,OFF-ST-10003306,Office Supplies,Storage,Letter Size Cart,1000,7,0.0,290.0058,172.55,High,2014
IN-2014-44789,2014-12-22,2014-12-24,First Class,Joni Blumstein,Consumer,Guizhou,China,APAC,North Asia,TEC-MA-10001627,Technology,Machines,"Konica Printer, White",533,2,0.0,207.66,142.38,Critical,2014
IN-2014-44789,2014-12-22,2014-12-24,First Class,Joni Blumstein,Consumer,Guizhou,China,APAC,North Asia,TEC-PH-10003572,Technology,Phones,"Apple Office Telephone, VoIP",261,4,0.0,107.16,82.96,Critical,2014
ES-2014-5566428,2014-12-22,2014-12-26,Standard Class,Deborah Brumfield,Home Office,Bavaria,Germany,EU,Central,TEC-PH-10004810,Technology,Phones,"Samsung Speaker Phone, Full Size",1121,9,0.0,268.92,64.53,Medium,2014
CA-2014-165841,2014-12-22,2014-12-29,Standard Class,Dean Braden,Consumer,New Jersey,United States,US,East,TEC-PH-10002103,Technology,Phones,Jabra SPEAK 410,282,3,0.0,78.9516,40.87,Low,2014
ES-2014-5566428,2014-12-22,2014-12-26,Standard Class,Deborah Brumfield,Home Office,Bavaria,Germany,EU,Central,TEC-AC-10003335,Technology,Accessories,"SanDisk Memory Card, Erganomic",661,6,0.0,118.98,31.87,Medium,2014
IN-2014-44789,2014-12-22,2014-12-24,First Class,Joni Blumstein,Consumer,Guizhou,China,APAC,North Asia,TEC-MA-10002471,Technology,Machines,"Epson Phone, Durable",243,3,0.0,121.59,31.7,Critical,2014
MX-2014-120026,2014-12-22,2014-12-24,First Class,Steve Chapman,Corporate,San Salvador,El Salvador,LATAM,Central,FUR-FU-10003886,Furniture,Furnishings,"Tenex Photo Frame, Black",104,3,0.0,43.5,25.73,High,2014
MX-2014-107832,2014-12-22,2014-12-25,First Class,Shaun Chance,Corporate,Santa Ana,El Salvador,LATAM,Central,TEC-AC-10001765,Technology,Accessories,"Enermax Memory Card, Bluetooth",229,3,0.0,11.4,45.51,Medium,2014
SU-2014-6350,2014-12-22,2014-12-28,Standard Class,Grant Thornton,Corporate,Khartoum,Sudan,Africa,Africa,TEC-STA-10000008,Technology,Machines,"StarTech Calculator, Wireless",320,8,0.0,18.96,21.47,Medium,2014
MO-2014-940,2014-12-22,2014-12-27,Second Class,Matt Collins,Consumer,Rabat-Salé-Zemmour-Zaer,Morocco,Africa,Africa,OFF-BIN-10004563,Office Supplies,Art,"Binney & Smith Pencil Sharpener, Easy-Erase",112,4,0.0,12.24,15.14,Medium,2014
US-2014-131450,2014-12-22,2014-12-27,Standard Class,Tony Chapman,Home Office,Santa Catarina,Brazil,LATAM,South,TEC-CO-10000266,Technology,Copiers,"Canon Copy Machine, Color",350,5,0.602,-151.2172,23.92,Medium,2014
CA-2014-165841,2014-12-22,2014-12-29,Standard Class,Dean Braden,Consumer,New Jersey,United States,US,East,OFF-PA-10001144,Office Supplies,Paper,Xerox 1913,166,3,0.0,79.8912,17.58,Low,2014
MO-2014-940,2014-12-22,2014-12-27,Second Class,Matt Collins,Consumer,Rabat-Salé-Zemmour-Zaer,Morocco,Africa,Africa,FUR-ADV-10000183,Furniture,Furnishings,"Advantus Photo Frame, Black",318,6,0.0,3.06,18.03,Medium,2014
MO-2014-940,2014-12-22,2014-12-27,Second Class,Matt Collins,Consumer,Rabat-Salé-Zemmour-Zaer,Morocco,Africa,Africa,TEC-BEL-10002476,Technology,Accessories,"Belkin Router, Bluetooth",259,1,0.0,10.35,18.09,Medium,2014
SF-2014-540,2014-12-22,2014-12-28,Standard Class,Ken Brennan,Corporate,Gauteng,South Africa,Africa,Africa,OFF-STA-10000247,Office Supplies,Art,"Stanley Canvas, Fluorescent",203,4,0.0,64.92,17.48,Medium,2014
CA-2014-109589,2014-12-22,2014-12-25,First Class,Brian Derr,Consumer,Kentucky,United States,US,South,TEC-AC-10003116,Technology,Accessories,Memorex Froggy Flash Drive 8 GB,71,4,0.0,27.69,19.15,Critical,2014
US-2014-156104,2014-12-22,2014-12-25,First Class,Roy Französisch,Consumer,Panama,Panama,LATAM,Central,OFF-AP-10001723,Office Supplies,Appliances,"Hoover Blender, Black",76,2,0.4,-8.912,20.47,High,2014
ES-2014-5566428,2014-12-22,2014-12-26,Standard Class,Deborah Brumfield,Home Office,Bavaria,Germany,EU,Central,TEC-PH-10003137,Technology,Phones,"Nokia Signal Booster, Cordless",279,2,0.0,83.58,20.51,Medium,2014
CA-2014-150910,2014-12-23,2014-12-29,Standard Class,Jack Lebron,Consumer,Tennessee,United States,US,South,OFF-AP-10003266,Office Supplies,Appliances,"Holmes Replacement Filter for HEPA Air Cleaner, Large Room",59,5,0.2,16.291,4.32,Medium,2014
CA-2014-6550,2014-12-23,2014-12-25,Second Class,Stuart Van,Corporate,Quebec,Canada,Canada,Canada,OFF-ENE-10002784,Office Supplies,Paper,"Enermax Parchment Paper, Multicolor",34,2,0.0,10.08,3.42,Critical,2014
CA-2014-104927,2014-12-23,2014-12-27,Standard Class,Alex Grayson,Consumer,Texas,United States,US,Central,OFF-PA-10000176,Office Supplies,Paper,Xerox 1887,76,5,0.2,26.558,3.62,Medium,2014
ES-2014-3352897,2014-12-23,2014-12-29,Standard Class,Carl Weiss,Home Office,England,United Kingdom,EU,North,OFF-BI-10002990,Office Supplies,Binders,"Acco Index Tab, Clear",54,7,0.1,3.444,3.76,Medium,2014
CA-2014-150910,2014-12-23,2014-12-29,Standard Class,Jack Lebron,Consumer,Tennessee,United States,US,South,TEC-AC-10001013,Technology,Accessories,Logitech ClearChat Comfort/USB Headset H390,47,2,0.2,7.6154,3.93,Medium,2014
ES-2014-5631536,2014-12-23,2014-12-28,Standard Class,Ken Heidel,Corporate,England,United Kingdom,EU,North,OFF-BI-10002225,Office Supplies,Binders,"Cardinal Binding Machine, Durable",51,1,0.0,17.94,3.93,Medium,2014
CA-2014-6810,2014-12-23,2014-12-23,Same Day,Vivian Mathis,Consumer,Manitoba,Canada,Canada,Canada,OFF-BIC-10004826,Office Supplies,Art,"BIC Canvas, Easy-Erase",54,1,0.0,18.33,4.2,Medium,2014
MX-2014-139318,2014-12-23,2014-12-29,Standard Class,Jenna Caffey,Consumer,São Paulo,Brazil,LATAM,South,OFF-SU-10000926,Office Supplies,Supplies,"Acme Trimmer, Easy Grip",92,3,0.0,34.14,4.22,Low,2014
IT-2014-1768456,2014-12-23,2014-12-27,Standard Class,Juliana Krohn,Consumer,Porto,Portugal,EU,South,OFF-FA-10003744,Office Supplies,Fasteners,"Stockwell Thumb Tacks, Assorted Sizes",33,6,0.5,-9.9,2.84,Medium,2014
ID-2014-42717,2014-12-23,2014-12-27,Standard Class,Craig Leslie,Home Office,National Capital,Philippines,APAC,Southeast Asia,OFF-BI-10003367,Office Supplies,Binders,"Wilson Jones Binder, Recycled",102,9,0.15,34.857,4.55,Medium,2014
CG-2014-5460,2014-12-23,2014-12-27,Standard Class,Tom Ashbrook,Home Office,Kasai-Oriental,Democratic Republic of the Congo,Africa,Africa,OFF-FEL-10003848,Office Supplies,Storage,"Fellowes Trays, Industrial",116,2,0.0,27.72,6.15,Medium,2014
US-2014-101714,2014-12-23,2014-12-30,Standard Class,Becky Martin,Consumer,Bahia,Brazil,LATAM,South,OFF-EN-10004173,Office Supplies,Envelopes,"Jiffy Manila Envelope, Set of 50",35,5,0.6,-16.52,4.62,Low,2014
ES-2014-5449438,2014-12-23,2014-12-28,Standard Class,Sam Craven,Consumer,Bavaria,Germany,EU,Central,OFF-AR-10002783,Office Supplies,Art,"Stanley Pencil Sharpener, Water Color",50,2,0.0,3.0,4.79,Medium,2014
IN-2014-71480,2014-12-23,2014-12-27,Standard Class,Paul Van Hugh,Home Office,Victoria,Australia,APAC,Oceania,OFF-SU-10000618,Office Supplies,Supplies,"Acme Trimmer, High Speed",80,2,0.1,24.024,4.81,High,2014
ID-2014-53840,2014-12-23,2014-12-27,Second Class,Mark Haberlin,Corporate,Queensland,Australia,APAC,Oceania,OFF-FA-10003817,Office Supplies,Fasteners,"Stockwell Clamps, Metal",34,2,0.1,-1.572,4.86,High,2014
IN-2014-48814,2014-12-23,2014-12-30,Standard Class,Maria Etezadi,Home Office,New South Wales,Australia,APAC,Oceania,FUR-FU-10002848,Furniture,Furnishings,"Advantus Stacking Tray, Black",48,2,0.1,10.554,4.88,Low,2014
IN-2014-82176,2014-12-23,2014-12-28,Standard Class,Amy Cox,Consumer,Queensland,Australia,APAC,Oceania,OFF-FA-10001115,Office Supplies,Fasteners,"Accos Push Pins, Assorted Sizes",72,10,0.4,-42.18,5.55,Medium,2014
ID-2014-82568,2014-12-23,2014-12-27,Standard Class,Sonia Sunley,Consumer,Queensland,Australia,APAC,Oceania,TEC-AC-10003987,Technology,Accessories,"Logitech Numeric Keypad, Programmable",57,2,0.4,-21.096,5.95,Medium,2014
CA-2014-115931,2014-12-23,2014-12-27,Standard Class,Jim Mitchum,Corporate,New Mexico,United States,US,West,TEC-PH-10001300,Technology,Phones,"iKross Bluetooth Portable Keyboard + Cell Phone Stand Holder + Brush for Apple iPhone 5S 5C 5, 4S 4",67,4,0.2,6.704,6.0,Medium,2014
ID-2014-54057,2014-12-23,2014-12-29,Standard Class,Barry Franz,Home Office,Bangkok,Thailand,APAC,Southeast Asia,OFF-PA-10004495,Office Supplies,Paper,"SanDisk Note Cards, Premium",16,1,0.47,0.8946,2.59,Low,2014
ES-2014-3352897,2014-12-23,2014-12-29,Standard Class,Carl Weiss,Home Office,England,United Kingdom,EU,North,OFF-EN-10003615,Office Supplies,Envelopes,"GlobeWeis Interoffice Envelope, with clear poly window",185,4,0.1,36.936,6.35,Medium,2014
MX-2014-159555,2014-12-23,2014-12-29,Standard Class,Charlotte Melton,Consumer,Managua,Nicaragua,LATAM,Central,OFF-EN-10002896,Office Supplies,Envelopes,"Jiffy Business Envelopes, Set of 50",26,2,0.0,6.24,4.55,Low,2014
IN-2014-55191,2014-12-23,2014-12-29,Standard Class,Alex Avila,Consumer,Tamil Nadu,India,APAC,Central Asia,OFF-BI-10004700,Office Supplies,Binders,"Cardinal Binder, Durable",46,3,0.0,13.32,2.57,Medium,2014
CA-2014-150910,2014-12-23,2014-12-29,Standard Class,Jack Lebron,Consumer,Tennessee,United States,US,South,OFF-AR-10001419,Office Supplies,Art,Newell 325,23,7,0.2,2.891,1.31,Medium,2014
CA-2014-104927,2014-12-23,2014-12-27,Standard Class,Alex Grayson,Consumer,Texas,United States,US,Central,OFF-PA-10000019,Office Supplies,Paper,Xerox 1931,26,5,0.2,9.072,2.33,Medium,2014
IN-2014-71480,2014-12-23,2014-12-27,Standard Class,Paul Van Hugh,Home Office,Victoria,Australia,APAC,Oceania,OFF-EN-10002630,Office Supplies,Envelopes,"Ames Business Envelopes, Recycled",60,5,0.1,18.03,7.01,High,2014
CA-2014-6810,2014-12-23,2014-12-23,Same Day,Vivian Mathis,Consumer,Manitoba,Canada,Canada,Canada,OFF-AVE-10002024,Office Supplies,Binders,"Avery Index Tab, Durable",7,1,0.0,1.71,0.04,Medium,2014
NI-2014-7820,2014-12-23,2014-12-29,Standard Class,Neil Ducich,Corporate,Anambra,Nigeria,Africa,Africa,OFF-WIL-10003774,Office Supplies,Binders,"Wilson Jones Index Tab, Economy",2,1,0.7,-2.865,0.26,Low,2014
CA-2014-115931,2014-12-23,2014-12-27,Standard Class,Jim Mitchum,Corporate,New Mexico,United States,US,West,OFF-AR-10000369,Office Supplies,Art,Design Ebony Sketching Pencil,4,3,0.0,1.0842,0.37,Medium,2014
CA-2014-104927,2014-12-23,2014-12-27,Standard Class,Alex Grayson,Consumer,Texas,United States,US,Central,OFF-BI-10003429,Office Supplies,Binders,"Cardinal HOLDit! Binder Insert Strips,Extra Strips",6,5,0.8,-9.8115,0.42,Medium,2014
CA-2014-119193,2014-12-23,2014-12-25,First Class,Sally Knutson,Consumer,Ohio,United States,US,East,OFF-BI-10000848,Office Supplies,Binders,Angle-D Ring Binders,2,1,0.7,-1.3128,0.42,Critical,2014
ID-2014-54057,2014-12-23,2014-12-29,Standard Class,Barry Franz,Home Office,Bangkok,Thailand,APAC,Southeast Asia,OFF-ST-10002791,Office Supplies,Storage,"Tenex Shelving, Blue",58,2,0.47,-51.3804,0.56,Low,2014
CA-2014-8150,2014-12-23,2014-12-27,Standard Class,Larry Tron,Consumer,Quebec,Canada,Canada,Canada,OFF-AVE-10004308,Office Supplies,Binders,"Avery Binder, Durable",29,2,0.0,1.44,0.59,Medium,2014
IT-2014-1768456,2014-12-23,2014-12-27,Standard Class,Juliana Krohn,Consumer,Porto,Portugal,EU,South,OFF-AR-10000475,Office Supplies,Art,"Sanford Canvas, Blue",25,1,0.5,-10.62,0.64,Medium,2014
CA-2014-145310,2014-12-23,2014-12-25,Second Class,Jeremy Pistek,Consumer,Florida,United States,US,South,OFF-EN-10002621,Office Supplies,Envelopes,Staples,8,1,0.2,2.934,0.75,Critical,2014
CA-2014-115931,2014-12-23,2014-12-27,Standard Class,Jim Mitchum,Corporate,New Mexico,United States,US,West,OFF-ST-10000876,Office Supplies,Storage,Eldon Simplefile Box Office,37,3,0.0,10.4496,2.49,Medium,2014
ID-2014-74462,2014-12-23,2014-12-25,Second Class,Michael Chen,Consumer,National Capital,Philippines,APAC,Southeast Asia,OFF-AR-10000681,Office Supplies,Art,"Binney & Smith Sketch Pad, Water Color",27,1,0.45,-15.345,0.76,Medium,2014
ID-2014-54057,2014-12-23,2014-12-29,Standard Class,Barry Franz,Home Office,Bangkok,Thailand,APAC,Southeast Asia,OFF-LA-10002765,Office Supplies,Labels,"Harbour Creations Legal Exhibit Labels, Adjustable",9,2,0.47,-6.219,0.97,Low,2014
IN-2014-71480,2014-12-23,2014-12-27,Standard Class,Paul Van Hugh,Home Office,Victoria,Australia,APAC,Oceania,OFF-ST-10002714,Office Supplies,Storage,"Eldon Box, Industrial",29,3,0.1,9.918,1.03,High,2014
IT-2014-1768456,2014-12-23,2014-12-27,Standard Class,Juliana Krohn,Consumer,Porto,Portugal,EU,South,OFF-SU-10002346,Office Supplies,Supplies,"Elite Ruler, High Speed",21,3,0.5,-17.46,1.44,Medium,2014
MX-2014-159555,2014-12-23,2014-12-29,Standard Class,Charlotte Melton,Consumer,Managua,Nicaragua,LATAM,Central,OFF-PA-10003718,Office Supplies,Paper,"Xerox Memo Slips, Recycled",27,3,0.0,12.06,1.8,Low,2014
IT-2014-1768456,2014-12-23,2014-12-27,Standard Class,Juliana Krohn,Consumer,Porto,Portugal,EU,South,OFF-BI-10000346,Office Supplies,Binders,"Ibico 3-Hole Punch, Clear",30,2,0.5,-6.03,1.86,Medium,2014
CA-2014-150910,2014-12-23,2014-12-29,Standard Class,Jack Lebron,Consumer,Tennessee,United States,US,South,OFF-ST-10000918,Office Supplies,Storage,Crate-A-Files,26,3,0.2,1.962,1.87,Medium,2014
CA-2014-146164,2014-12-23,2014-12-27,Standard Class,Charlotte Melton,Consumer,Minnesota,United States,US,Central,OFF-ST-10001228,Office Supplies,Storage,Personal File Boxes with Fold-Down Carry Handle,31,2,0.0,7.79,1.88,Medium,2014
CA-2014-115931,2014-12-23,2014-12-27,Standard Class,Jim Mitchum,Corporate,New Mexico,United States,US,West,OFF-LA-10001404,Office Supplies,Labels,Avery 517,18,5,0.0,8.6715,2.0,Medium,2014
SA-2014-2990,2014-12-23,2014-12-28,Second Class,Muhammed Lee,Consumer,Ar Riyad,Saudi Arabia,EMEA,EMEA,OFF-SME-10001149,Office Supplies,Storage,"Smead Folders, Single Width",18,1,0.0,5.43,2.01,Medium,2014
MX-2014-130778,2014-12-23,2014-12-30,Standard Class,Sung Chung,Consumer,Santa Ana,El Salvador,LATAM,Central,OFF-LA-10003337,Office Supplies,Labels,"Harbour Creations Removable Labels, Adjustable",29,4,0.0,5.44,2.24,Medium,2014
MX-2014-120117,2014-12-23,2014-12-29,Standard Class,Tom Zandusky,Corporate,Zacatecas,Mexico,LATAM,North,OFF-BI-10004195,Office Supplies,Binders,"Ibico Binder Covers, Durable",30,3,0.0,2.1,0.89,Medium,2014
ID-2014-45349,2014-12-23,2014-12-25,First Class,Patrick Bzostek,Home Office,Jakarta,Indonesia,APAC,Southeast Asia,OFF-SU-10001869,Office Supplies,Supplies,"Stiletto Scissors, Steel",49,4,0.47,-41.4588,7.35,High,2014
ID-2014-42717,2014-12-23,2014-12-27,Standard Class,Craig Leslie,Home Office,National Capital,Philippines,APAC,Southeast Asia,OFF-AR-10002392,Office Supplies,Art,"Binney & Smith Highlighters, Blue",18,2,0.45,-12.951,0.87,Medium,2014
MX-2014-120271,2014-12-23,2014-12-28,Standard Class,Pete Kriz,Consumer,Boyacá,Colombia,LATAM,South,OFF-SU-10001132,Office Supplies,Supplies,"Fiskars Trimmer, Serrated",130,5,0.0,40.3,8.07,Medium,2014
CA-2014-6550,2014-12-23,2014-12-25,Second Class,Stuart Van,Corporate,Quebec,Canada,Canada,Canada,OFF-STI-10000114,Office Supplies,Supplies,"Stiletto Letter Opener, High Speed",111,4,0.0,18.84,33.17,Critical,2014
ID-2014-42717,2014-12-23,2014-12-27,Standard Class,Craig Leslie,Home Office,National Capital,Philippines,APAC,Southeast Asia,TEC-AC-10000596,Technology,Accessories,"Enermax Memory Card, Erganomic",555,9,0.45,-30.51,35.69,Medium,2014
US-2014-154221,2014-12-23,2014-12-29,Standard Class,Jenna Caffey,Consumer,Santo Domingo,Dominican Republic,LATAM,Caribbean,TEC-CO-10003931,Technology,Copiers,"Hewlett Fax Machine, High-Speed",846,5,0.202,-214.2008,37.26,Medium,2014
ID-2014-74462,2014-12-23,2014-12-25,Second Class,Michael Chen,Consumer,National Capital,Philippines,APAC,Southeast Asia,TEC-AC-10000857,Technology,Accessories,"Belkin Router, Programmable",429,3,0.45,-171.7875,38.57,Medium,2014
ES-2014-1224526,2014-12-23,2014-12-23,Same Day,Tiffany House,Corporate,Apulia,Italy,EU,South,OFF-AR-10004519,Office Supplies,Art,"Boston Canvas, Fluorescent",220,4,0.0,39.48,39.58,Critical,2014
CA-2014-146164,2014-12-23,2014-12-27,Standard Class,Charlotte Melton,Consumer,Minnesota,United States,US,Central,FUR-TA-10004915,Furniture,Tables,"Office Impressions End Table, 20-1/2""H x 24""W x 20""D",608,2,0.0,97.2032,45.39,Medium,2014
ES-2014-4717877,2014-12-23,2014-12-23,Same Day,Phillip Breyer,Corporate,Upper Normandy,France,EU,Central,FUR-BO-10000847,Furniture,Bookcases,"Dania Stackable Bookrack, Mobile",438,4,0.1,165.324,50.93,Medium,2014
CA-2014-120376,2014-12-23,2014-12-26,First Class,Theone Pippenger,Consumer,Michigan,United States,US,Central,FUR-TA-10004534,Furniture,Tables,Bevis 44 x 96 Conference Tables,412,2,0.0,70.006,57.12,High,2014
IN-2014-48814,2014-12-23,2014-12-30,Standard Class,Maria Etezadi,Home Office,New South Wales,Australia,APAC,Oceania,FUR-FU-10003918,Furniture,Furnishings,"Advantus Photo Frame, Black",381,8,0.1,139.776,58.71,Low,2014
ID-2014-54057,2014-12-23,2014-12-29,Standard Class,Barry Franz,Home Office,Bangkok,Thailand,APAC,Southeast Asia,TEC-CO-10003589,Technology,Copiers,"HP Fax Machine, Digital",566,3,0.37,-197.8038,72.58,Low,2014
CA-2014-119578,2014-12-23,2014-12-28,Second Class,Jason Gross,Corporate,Rhode Island,United States,US,East,OFF-SU-10003505,Office Supplies,Supplies,Premier Electric Letter Opener,695,6,0.0,34.758,86.2,Medium,2014
MX-2014-127208,2014-12-23,2014-12-26,First Class,Eudokia Martin,Corporate,San Salvador,El Salvador,LATAM,Central,TEC-AC-10001756,Technology,Accessories,"Memorex Numeric Keypad, USB",86,3,0.0,36.96,7.93,High,2014
CA-2014-155376,2014-12-23,2014-12-28,Standard Class,Sandra Glassco,Consumer,Missouri,United States,US,Central,OFF-AP-10001058,Office Supplies,Appliances,Sanyo 2.5 Cubic Foot Mid-Size Office Refrigerators,839,3,0.0,218.2518,95.19,Medium,2014
ES-2014-3352897,2014-12-23,2014-12-29,Standard Class,Carl Weiss,Home Office,England,United Kingdom,EU,North,FUR-BO-10002892,Furniture,Bookcases,"Safco Classic Bookcase, Mobile",2380,6,0.1,740.178,101.87,Medium,2014
IN-2014-48814,2014-12-23,2014-12-30,Standard Class,Maria Etezadi,Home Office,New South Wales,Australia,APAC,Oceania,FUR-BO-10000655,Furniture,Bookcases,"Dania Classic Bookcase, Traditional",1109,3,0.1,86.202,110.81,Low,2014
IR-2014-3310,2014-12-23,2014-12-30,Standard Class,Tim Brockman,Consumer,Qom,Iran,EMEA,EMEA,FUR-SAF-10002846,Furniture,Bookcases,"Safco Classic Bookcase, Pine",1758,4,0.0,70.32,120.72,Low,2014
CA-2014-149699,2014-12-23,2014-12-25,First Class,Chad McGuire,Consumer,California,United States,US,West,TEC-AC-10000474,Technology,Accessories,Kensington Expert Mouse Optical USB Trackball for PC or Mac,475,5,0.0,142.485,142.96,Critical,2014
MX-2014-106320,2014-12-23,2014-12-27,Standard Class,Mike Gockenbach,Consumer,San Salvador,El Salvador,LATAM,Central,TEC-PH-10001284,Technology,Phones,"Apple Smart Phone, Cordless",1273,3,0.0,496.26,170.41,High,2014
CA-2014-119193,2014-12-23,2014-12-25,First Class,Sally Knutson,Consumer,Ohio,United States,US,East,TEC-PH-10003072,Technology,Phones,Panasonic KX-TG9541B DECT 6.0 Digital 2-Line Expandable Cordless Phone With Digital Answering System,630,7,0.4,94.4937,192.33,Critical,2014
CA-2014-120376,2014-12-23,2014-12-26,First Class,Theone Pippenger,Consumer,Michigan,United States,US,Central,FUR-CH-10002335,Furniture,Chairs,Hon GuestStacker Chair,1587,7,0.0,412.5394,397.52,High,2014
CA-2014-6550,2014-12-23,2014-12-25,Second Class,Stuart Van,Corporate,Quebec,Canada,Canada,Canada,TEC-MOT-10000554,Technology,Phones,"Motorola Smart Phone, Full Size",3864,6,0.0,1159.02,546.56,Critical,2014
IN-2014-83009,2014-12-23,2014-12-28,Standard Class,Dave Kipp,Consumer,New South Wales,Australia,APAC,Oceania,FUR-BO-10004434,Furniture,Bookcases,"Ikea Library with Doors, Traditional",363,1,0.0,10.89,30.62,Medium,2014
MX-2014-134418,2014-12-23,2014-12-25,Second Class,Theresa Swint,Corporate,Guatemala,Guatemala,LATAM,Central,FUR-CH-10001819,Furniture,Chairs,"Office Star Chairmat, Set of Two",318,7,0.0,133.28,28.23,High,2014
ES-2014-1224526,2014-12-23,2014-12-23,Same Day,Tiffany House,Corporate,Apulia,Italy,EU,South,TEC-CO-10002937,Technology,Copiers,"Canon Ink, High-Speed",291,2,0.0,93.0,123.83,Critical,2014
MX-2014-120271,2014-12-23,2014-12-28,Standard Class,Pete Kriz,Consumer,Boyacá,Colombia,LATAM,South,TEC-CO-10003694,Technology,Copiers,"Brother Wireless Fax, Color",506,2,0.002,29.386,26.21,Medium,2014
CA-2014-142909,2014-12-23,2014-12-26,Second Class,Alex Grayson,Consumer,Arizona,United States,US,West,FUR-TA-10003008,Furniture,Tables,"Lesro Round Back Collection Coffee Table, End Table",183,2,0.5,-135.087,26.82,High,2014
MX-2014-134418,2014-12-23,2014-12-25,Second Class,Theresa Swint,Corporate,Guatemala,Guatemala,LATAM,Central,OFF-EN-10004989,Office Supplies,Envelopes,"Cameo Manila Envelope, Set of 50",54,3,0.0,3.78,8.24,High,2014
CA-2014-100412,2014-12-23,2014-12-27,Standard Class,Sharelle Roach,Home Office,Alabama,United States,US,South,FUR-CH-10002647,Furniture,Chairs,"Situations Contoured Folding Chairs, 4/Set",142,2,0.0,35.49,8.26,Medium,2014
MX-2014-146101,2014-12-23,2014-12-30,Standard Class,Becky Martin,Consumer,San Salvador,El Salvador,LATAM,Central,OFF-EN-10001109,Office Supplies,Envelopes,"Jiffy Manila Envelope, Set of 50",87,5,0.0,35.5,8.43,Medium,2014
CA-2014-120376,2014-12-23,2014-12-26,First Class,Theone Pippenger,Consumer,Michigan,United States,US,Central,TEC-AC-10001114,Technology,Accessories,Microsoft Wireless Mobile Mouse 4000,200,5,0.0,63.984,10.15,High,2014
MX-2014-139318,2014-12-23,2014-12-29,Standard Class,Jenna Caffey,Consumer,São Paulo,Brazil,LATAM,South,OFF-PA-10002360,Office Supplies,Paper,"SanDisk Computer Printout Paper, 8.5 x 11",68,3,0.0,1.32,11.67,Low,2014
ID-2014-82568,2014-12-23,2014-12-27,Standard Class,Sonia Sunley,Consumer,Queensland,Australia,APAC,Oceania,FUR-CH-10001220,Furniture,Chairs,"Harbour Creations Chairmat, Set of Two",178,4,0.4,-115.92,11.8,Medium,2014
CA-2014-119578,2014-12-23,2014-12-28,Second Class,Jason Gross,Corporate,Rhode Island,United States,US,East,FUR-BO-10003660,Furniture,Bookcases,"Bush Cubix Collection Bookcases, Fully Assembled",221,1,0.0,50.8254,12.61,Medium,2014
ES-2014-3352897,2014-12-23,2014-12-29,Standard Class,Carl Weiss,Home Office,England,United Kingdom,EU,North,OFF-BI-10004227,Office Supplies,Binders,"Avery Binding Machine, Economy",132,3,0.1,2.898,12.78,Medium,2014
CA-2014-120376,2014-12-23,2014-12-26,First Class,Theone Pippenger,Consumer,Michigan,United States,US,Central,TEC-AC-10000844,Technology,Accessories,Logitech Gaming G510s - Keyboard,85,1,0.0,30.5964,13.66,High,2014
HR-2014-6320,2014-12-23,2014-12-23,Same Day,Dave Brooks,Consumer,Primorsko-Goranska,Croatia,EMEA,EMEA,TEC-NOK-10003743,Technology,Phones,"Nokia Signal Booster, VoIP",273,2,0.0,76.44,14.76,High,2014
ID-2014-42717,2014-12-23,2014-12-27,Standard Class,Craig Leslie,Home Office,National Capital,Philippines,APAC,Southeast Asia,OFF-EN-10004486,Office Supplies,Envelopes,"GlobeWeis Business Envelopes, Security-Tint",98,9,0.45,-60.507,9.61,Medium,2014
ES-2014-3563223,2014-12-23,2014-12-27,Standard Class,Christine Phan,Corporate,Ile-de-France,France,EU,Central,OFF-SU-10000102,Office Supplies,Supplies,"Stiletto Box Cutter, Easy Grip",301,8,0.0,18.0,19.58,Medium,2014
ES-2014-3674190,2014-12-23,2014-12-25,First Class,Michael Nguyen,Consumer,England,United Kingdom,EU,North,OFF-AR-10000184,Office Supplies,Art,"Boston Pencil Sharpener, Water Color",193,6,0.0,96.3,18.72,Medium,2014
ES-2014-3563223,2014-12-23,2014-12-27,Standard Class,Christine Phan,Corporate,Ile-de-France,France,EU,Central,OFF-ST-10002566,Office Supplies,Storage,"Tenex Lockers, Wire Frame",183,1,0.1,42.648,24.91,Medium,2014
IN-2014-82176,2014-12-23,2014-12-28,Standard Class,Amy Cox,Consumer,Queensland,Australia,APAC,Oceania,FUR-TA-10001558,Furniture,Tables,"Barricks Training Table, Rectangular",379,2,0.4,63.144,25.78,Medium,2014
ES-2014-1931896,2014-12-23,2014-12-28,Standard Class,Guy Phonely,Corporate,England,United Kingdom,EU,North,TEC-PH-10002907,Technology,Phones,"Motorola Headset, VoIP",479,6,0.0,100.44,23.9,Medium,2014
MX-2014-113131,2014-12-23,2014-12-23,Same Day,Greg Tran,Consumer,Nuevo León,Mexico,LATAM,North,TEC-CO-10002201,Technology,Copiers,"Sharp Ink, Color",84,1,0.002,10.7322,22.83,Critical,2014
ES-2014-3352897,2014-12-23,2014-12-29,Standard Class,Carl Weiss,Home Office,England,United Kingdom,EU,North,FUR-FU-10001718,Furniture,Furnishings,"Eldon Door Stop, Duo Pack",211,7,0.4,-31.836,24.67,Medium,2014
CA-2014-150910,2014-12-23,2014-12-29,Standard Class,Jack Lebron,Consumer,Tennessee,United States,US,South,FUR-TA-10002903,Furniture,Tables,"Bevis Round Bullnose 29"" High Table Top",935,6,0.4,-249.3216,21.21,Medium,2014
IN-2014-72985,2014-12-23,2014-12-28,Standard Class,Toby Swindell,Consumer,Kabul,Afghanistan,APAC,Central Asia,TEC-AC-10003861,Technology,Accessories,"Enermax Keyboard, Erganomic",163,2,0.0,17.82,21.05,High,2014
ES-2014-3352897,2014-12-23,2014-12-29,Standard Class,Carl Weiss,Home Office,England,United Kingdom,EU,North,OFF-ST-10004996,Office Supplies,Storage,"Tenex Trays, Blue",342,7,0.1,41.643,21.0,Medium,2014
IR-2014-3310,2014-12-23,2014-12-30,Standard Class,Tim Brockman,Consumer,Qom,Iran,EMEA,EMEA,TEC-CIS-10000351,Technology,Phones,"Cisco Signal Booster, Cordless",155,1,0.0,9.27,20.17,Low,2014
ES-2014-2385129,2014-12-24,2014-12-28,Standard Class,Dean Braden,Consumer,Berlin,Germany,EU,Central,FUR-FU-10000605,Furniture,Furnishings,"Rubbermaid Light Bulb, Black",34,2,0.1,13.152,2.47,Medium,2014
TU-2014-3120,2014-12-24,2014-12-31,Standard Class,Maya Herman,Corporate,Karaman,Turkey,EMEA,EMEA,TEC-EPS-10002212,Technology,Machines,"Epson Receipt Printer, White",46,1,0.6,-19.644,2.51,Medium,2014
US-2014-134698,2014-12-24,2014-12-31,Standard Class,David Philippe,Consumer,Anzoátegui,Venezuela,LATAM,South,OFF-EN-10004012,Office Supplies,Envelopes,"GlobeWeis Peel and Seal, Set of 50",60,7,0.4,8.932,2.57,Medium,2014
SA-2014-5570,2014-12-24,2014-12-30,Standard Class,Eric Barreto,Consumer,Ar Riyad,Saudi Arabia,EMEA,EMEA,TEC-EPS-10004171,Technology,Machines,"Epson Calculator, Red",44,1,0.0,15.66,2.77,Medium,2014
MO-2014-7300,2014-12-24,2014-12-29,Second Class,Jennifer Halladay,Consumer,Meknès-Tafilalet,Morocco,Africa,Africa,OFF-CAM-10004790,Office Supplies,Envelopes,"Cameo Peel and Seal, Set of 50",21,1,0.0,3.36,2.77,High,2014
NI-2014-1530,2014-12-24,2014-12-27,First Class,Claudia Bergmann,Corporate,Edo,Nigeria,Africa,Africa,OFF-SAN-10001542,Office Supplies,Paper,"SanDisk Note Cards, Multicolor",10,1,0.7,-9.522,2.92,Critical,2014
US-2014-123463,2014-12-24,2014-12-24,Same Day,Gary Zandusky,Consumer,California,United States,US,West,OFF-AR-10001118,Office Supplies,Art,"Binney & Smith Crayola Metallic Crayons, 16-Color Pack",13,4,0.0,5.9312,2.1,Critical,2014
US-2014-162670,2014-12-24,2014-12-29,Second Class,Monica Federle,Corporate,Arkansas,United States,US,South,OFF-ST-10001328,Office Supplies,Storage,"Personal Filing Tote with Lid, Black/Gray",62,4,0.0,17.3712,2.98,Medium,2014
NI-2014-1530,2014-12-24,2014-12-27,First Class,Claudia Bergmann,Corporate,Edo,Nigeria,Africa,Africa,OFF-AME-10002081,Office Supplies,Envelopes,"Ames Peel and Seal, Security-Tint",13,2,0.7,-16.506,3.86,Critical,2014
NI-2014-1530,2014-12-24,2014-12-27,First Class,Claudia Bergmann,Corporate,Edo,Nigeria,Africa,Africa,OFF-KRA-10000916,Office Supplies,Envelopes,"Kraft Interoffice Envelope, Recycled",14,1,0.7,-16.944,3.38,Critical,2014
ES-2014-2572542,2014-12-24,2014-12-24,Same Day,Natalie Fritzler,Consumer,Ile-de-France,France,EU,Central,OFF-LA-10001831,Office Supplies,Labels,"Harbour Creations Shipping Labels, Adjustable",28,3,0.0,0.0,3.68,Medium,2014
IT-2014-5244847,2014-12-24,2014-12-28,Standard Class,Greg Matthias,Consumer,Stockholm,Sweden,EU,North,OFF-BI-10002894,Office Supplies,Binders,"Avery Binding Machine, Durable",50,2,0.5,-44.34,3.93,Medium,2014
ES-2014-1205292,2014-12-24,2014-12-28,Standard Class,Michelle Lonsdale,Corporate,England,United Kingdom,EU,North,OFF-BI-10000179,Office Supplies,Binders,"Wilson Jones 3-Hole Punch, Economy",76,3,0.1,19.233,4.0,Medium,2014
CA-2014-121216,2014-12-24,2014-12-26,Second Class,Michael Moore,Consumer,Texas,United States,US,Central,OFF-PA-10004519,Office Supplies,Paper,Spiral Phone Message Books with Labels by Adams,29,8,0.2,10.3936,4.25,Critical,2014
CA-2014-110625,2014-12-24,2014-12-31,Standard Class,Julia Barnett,Home Office,Connecticut,United States,US,East,FUR-FU-10001473,Furniture,Furnishings,DAX Wood Document Frame,27,2,0.0,9.8856,1.89,Low,2014
US-2014-134698,2014-12-24,2014-12-31,Standard Class,David Philippe,Consumer,Anzoátegui,Venezuela,LATAM,South,TEC-AC-10001728,Technology,Accessories,"SanDisk Flash Drive, Programmable",49,3,0.4,-8.232,4.27,Medium,2014
US-2014-134698,2014-12-24,2014-12-31,Standard Class,David Philippe,Consumer,Anzoátegui,Venezuela,LATAM,South,OFF-ST-10001172,Office Supplies,Storage,"Fellowes Trays, Wire Frame",45,2,0.4,-21.832,3.11,Medium,2014
IT-2014-5244847,2014-12-24,2014-12-28,Standard Class,Greg Matthias,Consumer,Stockholm,Sweden,EU,North,OFF-SU-10003866,Office Supplies,Supplies,"Acme Ruler, Easy Grip",37,4,0.5,-22.74,1.82,Medium,2014
NI-2014-1830,2014-12-24,2014-12-28,Standard Class,Anthony O'Donnell,Corporate,Niger,Nigeria,Africa,Africa,OFF-STO-10003098,Office Supplies,Fasteners,"Stockwell Thumb Tacks, Metal",16,4,0.7,-19.128,0.93,Medium,2014
SA-2014-5570,2014-12-24,2014-12-30,Standard Class,Eric Barreto,Consumer,Ar Riyad,Saudi Arabia,EMEA,EMEA,TEC-SAM-10004384,Technology,Phones,"Samsung Office Telephone, VoIP",65,1,0.0,18.93,1.68,Medium,2014
ES-2014-5319388,2014-12-24,2014-12-28,Standard Class,Valerie Takahito,Home Office,Lombardy,Italy,EU,South,OFF-LA-10001154,Office Supplies,Labels,"Hon Shipping Labels, Adjustable",74,8,0.0,25.92,4.37,Medium,2014
TU-2014-3120,2014-12-24,2014-12-31,Standard Class,Maya Herman,Corporate,Karaman,Turkey,EMEA,EMEA,OFF-AVE-10001847,Office Supplies,Binders,"Avery Binder, Clear",5,1,0.6,-6.186,0.31,Medium,2014
ID-2014-18154,2014-12-24,2014-12-30,Standard Class,Rachel Payne,Corporate,Jakarta,Indonesia,APAC,Southeast Asia,OFF-FA-10003779,Office Supplies,Fasteners,"Stockwell Paper Clips, Assorted Sizes",7,1,0.47,-0.8583,0.36,Medium,2014
NI-2014-9880,2014-12-24,2014-12-28,Standard Class,Liz Carlisle,Consumer,Kano,Nigeria,Africa,Africa,OFF-CAR-10004229,Office Supplies,Binders,"Cardinal Index Tab, Clear",9,4,0.7,-10.248,0.47,Medium,2014
MX-2014-156741,2014-12-24,2014-12-31,Standard Class,Steven Cartwright,Consumer,Santiago,Chile,LATAM,South,OFF-BI-10004275,Office Supplies,Binders,"Wilson Jones Index Tab, Recycled",9,2,0.0,4.32,0.51,Low,2014
NI-2014-1830,2014-12-24,2014-12-28,Standard Class,Anthony O'Donnell,Corporate,Niger,Nigeria,Africa,Africa,OFF-XER-10003329,Office Supplies,Paper,"Xerox Computer Printout Paper, Multicolor",8,1,0.7,-13.335,0.64,Medium,2014
CA-2014-117443,2014-12-24,2014-12-26,Second Class,Jennifer Braxton,Corporate,Illinois,United States,US,Central,OFF-PA-10004475,Office Supplies,Paper,Xerox 1940,176,4,0.2,63.7536,0.79,High,2014
MX-2014-153556,2014-12-24,2014-12-29,Standard Class,Alan Hwang,Consumer,Federal District,Brazil,LATAM,South,OFF-FA-10002358,Office Supplies,Fasteners,"Accos Push Pins, 12 Pack",74,8,0.0,31.2,1.71,Medium,2014
CA-2014-117443,2014-12-24,2014-12-26,Second Class,Jennifer Braxton,Corporate,Illinois,United States,US,Central,OFF-BI-10004002,Office Supplies,Binders,Wilson Jones International Size A4 Ring Binders,14,4,0.8,-22.144,1.02,High,2014
US-2014-162670,2014-12-24,2014-12-29,Second Class,Monica Federle,Corporate,Arkansas,United States,US,South,OFF-PA-10001994,Office Supplies,Paper,"Ink Jet Note and Greeting Cards, 8-1/2"" x 5-1/2"" Card Size",45,2,0.0,20.6816,1.2,Medium,2014
ES-2014-5319388,2014-12-24,2014-12-28,Standard Class,Valerie Takahito,Home Office,Lombardy,Italy,EU,South,OFF-AR-10002113,Office Supplies,Art,"Boston Highlighters, Easy-Erase",19,1,0.0,4.2,1.27,Medium,2014
IT-2014-5244847,2014-12-24,2014-12-28,Standard Class,Greg Matthias,Consumer,Stockholm,Sweden,EU,North,TEC-MA-10004896,Technology,Machines,"StarTech Phone, White",36,1,0.5,-6.585,1.44,Medium,2014
ES-2014-1856946,2014-12-24,2014-12-28,Standard Class,Shaun Weien,Consumer,Provence-Alpes-Côte d'Azur,France,EU,Central,OFF-FA-10002619,Office Supplies,Fasteners,"Stockwell Rubber Bands, Metal",49,3,0.0,24.39,1.48,Medium,2014
CA-2014-140627,2014-12-24,2014-12-28,Standard Class,Darren Koutras,Consumer,Tennessee,United States,US,South,OFF-AR-10000422,Office Supplies,Art,Pencil and Crayon Sharpener,12,7,0.2,1.0731,1.5,High,2014
RO-2014-550,2014-12-24,2014-12-28,Standard Class,Shaun Weien,Consumer,Mehedinti,Romania,EMEA,EMEA,OFF-JIF-10004213,Office Supplies,Envelopes,"Jiffy Business Envelopes, Set of 50",20,1,0.0,2.91,1.54,Medium,2014
ES-2014-4717877,2014-12-24,2014-12-27,First Class,Jocasta Rupert,Consumer,Ile-de-France,France,EU,Central,OFF-BI-10000620,Office Supplies,Binders,"Wilson Jones Index Tab, Economy",13,2,0.0,3.3,1.62,Medium,2014
QA-2014-940,2014-12-24,2014-12-28,Standard Class,Liz MacKendrick,Consumer,Ad Dawhah,Qatar,EMEA,EMEA,OFF-CAR-10001428,Office Supplies,Binders,"Cardinal Index Tab, Durable",8,1,0.0,3.42,1.11,High,2014
CA-2014-121216,2014-12-24,2014-12-26,Second Class,Michael Moore,Consumer,Texas,United States,US,Central,OFF-AP-10001947,Office Supplies,Appliances,Acco 6 Outlet Guardian Premium Plus Surge Suppressor,29,8,0.8,-74.7456,4.41,Critical,2014
ES-2014-5710826,2014-12-24,2014-12-31,Standard Class,Ritsa Hightower,Consumer,Ile-de-France,France,EU,Central,OFF-BI-10001253,Office Supplies,Binders,"Acco Binder Covers, Recycled",68,5,0.0,20.4,6.93,Low,2014
SA-2014-5570,2014-12-24,2014-12-30,Standard Class,Eric Barreto,Consumer,Ar Riyad,Saudi Arabia,EMEA,EMEA,FUR-TEN-10003050,Furniture,Furnishings,"Tenex Photo Frame, Black",52,1,0.0,14.49,4.8,Medium,2014
CA-2014-140627,2014-12-24,2014-12-28,Standard Class,Darren Koutras,Consumer,Tennessee,United States,US,South,OFF-ST-10004123,Office Supplies,Storage,Safco Industrial Wire Shelving System,218,3,0.2,-54.588,24.86,High,2014
NI-2014-1530,2014-12-24,2014-12-27,First Class,Claudia Bergmann,Corporate,Edo,Nigeria,Africa,Africa,TEC-CAN-10001789,Technology,Copiers,"Canon Copy Machine, Digital",79,1,0.7,-154.476,24.96,Critical,2014
ES-2014-2385129,2014-12-24,2014-12-28,Standard Class,Dean Braden,Consumer,Berlin,Germany,EU,Central,TEC-PH-10003549,Technology,Phones,"Samsung Headset, with Caller ID",461,7,0.1,-25.62,25.35,Medium,2014
US-2014-162670,2014-12-24,2014-12-29,Second Class,Monica Federle,Corporate,Arkansas,United States,US,South,OFF-ST-10001522,Office Supplies,Storage,"Gould Plastics 18-Pocket Panel Bin, 34w x 5-1/4d x 20-1/2h",368,4,0.0,14.7184,26.17,Medium,2014
ES-2014-4717877,2014-12-24,2014-12-27,First Class,Jocasta Rupert,Consumer,Ile-de-France,France,EU,Central,OFF-BI-10001621,Office Supplies,Binders,"Cardinal Binding Machine, Economy",149,3,0.0,41.76,27.84,Medium,2014
ES-2014-2799179,2014-12-24,2014-12-25,First Class,Pauline Webber,Corporate,Andalusía,Spain,EU,South,OFF-AP-10002608,Office Supplies,Appliances,"Breville Toaster, Black",152,2,0.0,44.16,27.98,High,2014
SF-2014-3560,2014-12-24,2014-12-27,First Class,Mike Vittorini,Consumer,Eastern Cape,South Africa,Africa,Africa,TEC-SHA-10002696,Technology,Copiers,"Sharp Ink, Color",252,2,0.0,118.26,31.77,Medium,2014
ES-2014-4717877,2014-12-24,2014-12-27,First Class,Jocasta Rupert,Consumer,Ile-de-France,France,EU,Central,TEC-PH-10001432,Technology,Phones,"Motorola Signal Booster, Cordless",620,5,0.15,218.865,23.41,Medium,2014
US-2014-162670,2014-12-24,2014-12-29,Second Class,Monica Federle,Corporate,Arkansas,United States,US,South,TEC-PH-10003601,Technology,Phones,"Ativa D5772 2-Line 5.8GHz Digital Expandable Corded/Cordless Phone System with Answering & Caller ID/Call Waiting, Black/Silver",495,3,0.0,148.491,52.69,Medium,2014
ES-2014-2385129,2014-12-24,2014-12-28,Standard Class,Dean Braden,Consumer,Berlin,Germany,EU,Central,FUR-BO-10001039,Furniture,Bookcases,"Dania Classic Bookcase, Traditional",1314,4,0.2,377.832,84.19,Medium,2014
IN-2014-67553,2014-12-24,2014-12-28,Standard Class,John Castell,Consumer,National Capital,Philippines,APAC,Southeast Asia,TEC-PH-10002683,Technology,Phones,"Apple Smart Phone, Cordless",2386,5,0.25,381.675,161.92,Medium,2014
QA-2014-940,2014-12-24,2014-12-28,Standard Class,Liz MacKendrick,Consumer,Ad Dawhah,Qatar,EMEA,EMEA,TEC-CAN-10004913,Technology,Copiers,"Canon Copy Machine, Laser",1573,6,0.0,141.48,207.49,High,2014
QA-2014-940,2014-12-24,2014-12-28,Standard Class,Liz MacKendrick,Consumer,Ad Dawhah,Qatar,EMEA,EMEA,TEC-MOT-10000554,Technology,Phones,"Motorola Smart Phone, Full Size",2576,4,0.0,772.68,256.87,High,2014
ES-2014-2421154,2014-12-24,2014-12-24,Same Day,Gary Zandusky,Consumer,Emilia-Romagna,Italy,EU,South,FUR-BO-10000967,Furniture,Bookcases,"Ikea Library with Doors, Pine",2553,7,0.0,842.52,302.55,Medium,2014
SF-2014-3560,2014-12-24,2014-12-27,First Class,Mike Vittorini,Consumer,Eastern Cape,South Africa,Africa,Africa,TEC-APP-10002966,Technology,Phones,"Apple Smart Phone, Full Size",2550,4,0.0,714.0,355.92,Medium,2014
ES-2014-1856946,2014-12-24,2014-12-28,Standard Class,Shaun Weien,Consumer,Provence-Alpes-Côte d'Azur,France,EU,Central,OFF-BI-10003114,Office Supplies,Binders,"Ibico Hole Reinforcements, Economy",56,8,0.0,27.36,4.51,Medium,2014
ES-2014-2799179,2014-12-24,2014-12-25,First Class,Pauline Webber,Corporate,Andalusía,Spain,EU,South,FUR-BO-10002133,Furniture,Bookcases,"Bush Corner Shelving, Mobile",380,3,0.0,159.39,64.53,High,2014
QA-2014-940,2014-12-24,2014-12-28,Standard Class,Liz MacKendrick,Consumer,Ad Dawhah,Qatar,EMEA,EMEA,OFF-SME-10003530,Office Supplies,Storage,"Smead Lockers, Wire Frame",197,1,0.0,17.76,23.23,High,2014
QA-2014-940,2014-12-24,2014-12-28,Standard Class,Liz MacKendrick,Consumer,Ad Dawhah,Qatar,EMEA,EMEA,OFF-ACM-10000476,Office Supplies,Supplies,"Acme Letter Opener, Easy Grip",191,6,0.0,53.46,31.28,High,2014
IT-2014-5244847,2014-12-24,2014-12-28,Standard Class,Greg Matthias,Consumer,Stockholm,Sweden,EU,North,TEC-MA-10001335,Technology,Machines,"Epson Printer, Durable",263,2,0.5,-63.06,19.56,Medium,2014
MO-2014-7850,2014-12-24,2014-12-27,Second Class,Ann Blume,Corporate,Rabat-Salé-Zemmour-Zaer,Morocco,Africa,Africa,TEC-MEM-10002524,Technology,Accessories,"Memorex Mouse, USB",114,4,0.0,21.48,21.78,High,2014
ES-2014-2421154,2014-12-24,2014-12-24,Same Day,Gary Zandusky,Consumer,Emilia-Romagna,Italy,EU,South,OFF-AR-10000724,Office Supplies,Art,"Boston Pens, Fluorescent",31,2,0.0,5.22,5.06,Medium,2014
MX-2014-135790,2014-12-24,2014-12-28,Second Class,Brendan Dodson,Home Office,León,Nicaragua,LATAM,Central,OFF-FA-10004265,Office Supplies,Fasteners,"Stockwell Paper Clips, Assorted Sizes",45,6,0.0,11.28,5.98,Medium,2014
MO-2014-7850,2014-12-24,2014-12-27,Second Class,Ann Blume,Corporate,Rabat-Salé-Zemmour-Zaer,Morocco,Africa,Africa,OFF-WIL-10002947,Office Supplies,Binders,"Wilson Jones Index Tab, Clear",71,12,0.0,6.12,8.21,High,2014
UP-2014-5660,2014-12-24,2014-12-30,Standard Class,Victoria Wilson,Corporate,Zaporizhzhya,Ukraine,EMEA,EMEA,OFF-GLO-10000617,Office Supplies,Envelopes,"GlobeWeis Peel and Seal, Recycled",121,6,0.0,58.14,8.23,Medium,2014
UG-2014-3970,2014-12-24,2014-12-29,Standard Class,David Philippe,Consumer,Kampala,Uganda,Africa,Africa,FUR-IKE-10003682,Furniture,Bookcases,"Ikea Corner Shelving, Metal",221,6,0.7,-485.244,9.52,Medium,2014
CA-2014-127929,2014-12-24,2014-12-28,Standard Class,Filia McAdams,Corporate,Connecticut,United States,US,East,FUR-FU-10003708,Furniture,Furnishings,"Tenex Traditional Chairmats for Medium Pile Carpet, Standard Lip, 36"" x 48""",182,3,0.0,38.2095,10.2,Medium,2014
ES-2014-3638264,2014-12-24,2014-12-30,Standard Class,Tim Brockman,Consumer,North Rhine-Westphalia,Germany,EU,Central,TEC-CO-10000338,Technology,Copiers,"Hewlett Fax and Copier, High-Speed",382,2,0.0,91.68,10.22,Medium,2014
SA-2014-5570,2014-12-24,2014-12-30,Standard Class,Eric Barreto,Consumer,Ar Riyad,Saudi Arabia,EMEA,EMEA,OFF-STI-10001171,Office Supplies,Supplies,"Stiletto Letter Opener, Easy Grip",57,2,0.0,26.64,4.99,Medium,2014
ES-2014-2799179,2014-12-24,2014-12-25,First Class,Pauline Webber,Corporate,Andalusía,Spain,EU,South,FUR-FU-10000946,Furniture,Furnishings,"Advantus Stacking Tray, Durable",79,3,0.0,21.33,12.63,High,2014
SA-2014-5570,2014-12-24,2014-12-30,Standard Class,Eric Barreto,Consumer,Ar Riyad,Saudi Arabia,EMEA,EMEA,FUR-DEF-10000346,Furniture,Furnishings,"Deflect-O Frame, Duo Pack",220,2,0.0,17.58,13.82,Medium,2014
US-2014-134698,2014-12-24,2014-12-31,Standard Class,David Philippe,Consumer,Anzoátegui,Venezuela,LATAM,South,OFF-ST-10001954,Office Supplies,Storage,"Rogers Shelving, Wire Frame",171,7,0.4,-34.3,15.86,Medium,2014
QA-2014-940,2014-12-24,2014-12-28,Standard Class,Liz MacKendrick,Consumer,Ad Dawhah,Qatar,EMEA,EMEA,TEC-SHA-10000479,Technology,Copiers,"Sharp Personal Copier, Digital",120,1,0.0,59.82,16.19,High,2014
US-2014-162670,2014-12-24,2014-12-29,Second Class,Monica Federle,Corporate,Arkansas,United States,US,South,OFF-EN-10001453,Office Supplies,Envelopes,"Tyvek Interoffice Envelopes, 9 1/2"" x 12 1/2"", 100/Box",183,3,0.0,85.9818,16.33,Medium,2014
ES-2014-4717877,2014-12-24,2014-12-27,First Class,Jocasta Rupert,Consumer,Ile-de-France,France,EU,Central,OFF-AR-10004825,Office Supplies,Art,"BIC Canvas, Fluorescent",110,2,0.0,38.46,17.77,Medium,2014
CA-2014-140627,2014-12-24,2014-12-28,Standard Class,Darren Koutras,Consumer,Tennessee,United States,US,South,FUR-FU-10000087,Furniture,Furnishings,"Executive Impressions 14"" Two-Color Numerals Wall Clock",73,4,0.2,19.0848,11.72,High,2014
ES-2014-4136794,2014-12-25,2014-12-30,Standard Class,Bruce Stewart,Consumer,Scotland,United Kingdom,EU,North,OFF-PA-10001858,Office Supplies,Paper,"SanDisk Message Books, Multicolor",101,4,0.0,16.08,3.19,Medium,2014
ES-2014-5017334,2014-12-25,2014-12-30,Standard Class,Neil Französisch,Home Office,Berlin,Germany,EU,Central,OFF-AR-10003117,Office Supplies,Art,"BIC Pencil Sharpener, Blue",78,3,0.1,26.937,3.2,Medium,2014
IN-2014-37551,2014-12-25,2014-12-29,Standard Class,Don Jones,Corporate,Jawa Timur,Indonesia,APAC,Southeast Asia,FUR-FU-10002250,Furniture,Furnishings,"Advantus Photo Frame, Durable",73,2,0.27,14.9946,3.23,Medium,2014
CA-2014-169411,2014-12-25,2014-12-30,Standard Class,Ann Chong,Corporate,New York,United States,US,East,FUR-FU-10001602,Furniture,Furnishings,"Eldon Delta Triangular Chair Mat, 52"" x 58"", Clear",38,1,0.0,6.8274,3.42,High,2014
IT-2014-5192801,2014-12-25,2015-01-01,Standard Class,Jonathan Doherty,Corporate,North Brabant,Netherlands,EU,Central,OFF-LA-10003699,Office Supplies,Labels,"Smead File Folder Labels, Adjustable",24,7,0.5,-21.0,3.43,Low,2014
ZI-2014-6030,2014-12-25,2015-01-01,Standard Class,Janet Martin,Consumer,Harare,Zimbabwe,Africa,Africa,FUR-SAF-10002314,Furniture,Chairs,"SAFCO Swivel Stool, Black",50,1,0.7,-56.277,3.61,Medium,2014
CA-2014-148355,2014-12-25,2014-12-29,Standard Class,Nick Crebassa,Corporate,Massachusetts,United States,US,East,OFF-PA-10001972,Office Supplies,Paper,Xerox 214,19,3,0.0,9.3312,3.75,High,2014
MX-2014-134523,2014-12-25,2014-12-28,First Class,Alyssa Crouse,Corporate,San Salvador,El Salvador,LATAM,Central,OFF-LA-10000203,Office Supplies,Labels,"Hon Round Labels, Laser Printer Compatible",22,5,0.0,9.3,3.96,High,2014
AG-2014-2280,2014-12-25,2015-01-01,Standard Class,Michael Stewart,Corporate,Alger,Algeria,Africa,Africa,OFF-TEN-10000794,Office Supplies,Storage,"Tenex Shelving, Wire Frame",54,1,0.0,6.42,4.45,Medium,2014
IN-2014-66377,2014-12-25,2014-12-29,Standard Class,Harold Engle,Corporate,Singapore,Singapore,APAC,Southeast Asia,OFF-BI-10003159,Office Supplies,Binders,"Avery Binding Machine, Durable",50,1,0.0,10.56,4.21,Medium,2014
MX-2014-135265,2014-12-25,2014-12-31,Standard Class,Dan Reichenbach,Corporate,Distrito Federal,Mexico,LATAM,North,OFF-PA-10001164,Office Supplies,Paper,"Green Bar Message Books, Recycled",47,3,0.0,22.26,4.39,Medium,2014
IN-2014-78522,2014-12-25,2014-12-29,Second Class,David Wiener,Corporate,Queensland,Australia,APAC,Oceania,TEC-AC-10001312,Technology,Accessories,"Logitech Numeric Keypad, Erganomic",40,1,0.1,9.687,4.48,Medium,2014
ES-2014-2524646,2014-12-25,2014-12-29,Standard Class,Beth Fritzler,Corporate,Lower Saxony,Germany,EU,Central,OFF-FA-10000520,Office Supplies,Fasteners,"Stockwell Paper Clips, Bulk Pack",109,8,0.0,52.08,4.63,Medium,2014
IR-2014-6760,2014-12-25,2014-12-30,Standard Class,Christopher Conant,Consumer,Tehran,Iran,EMEA,EMEA,OFF-KLE-10001699,Office Supplies,Supplies,"Kleencut Letter Opener, Easy Grip",115,4,0.0,13.68,4.85,Medium,2014
ES-2014-1581942,2014-12-25,2014-12-31,Standard Class,Shui Tom,Consumer,Balearic Islands,Spain,EU,South,OFF-AP-10002413,Office Supplies,Appliances,"Breville Coffee Grinder, Black",184,3,0.0,64.35,5.27,Medium,2014
EZ-2014-4520,2014-12-25,2014-12-30,Standard Class,Linda Southworth,Corporate,Liberec,Czech Republic,EMEA,EMEA,OFF-AVE-10003740,Office Supplies,Binders,"Avery Binding Machine, Clear",48,1,0.0,5.79,5.6,High,2014
CA-2014-117933,2014-12-25,2014-12-30,Standard Class,Roy Französisch,Consumer,New York,United States,US,East,OFF-AP-10004249,Office Supplies,Appliances,Staples,36,3,0.0,9.6957,4.2,High,2014
IN-2014-72481,2014-12-25,2015-01-01,Standard Class,Larry Tron,Consumer,Queensland,Australia,APAC,Oceania,OFF-LA-10000879,Office Supplies,Labels,"Hon File Folder Labels, Alphabetical",15,2,0.1,6.048,2.59,Low,2014
AG-2014-2280,2014-12-25,2015-01-01,Standard Class,Michael Stewart,Corporate,Alger,Algeria,Africa,Africa,FUR-SAF-10002121,Furniture,Chairs,"SAFCO Rocking Chair, Black",265,2,0.0,29.1,0.64,Medium,2014
IN-2014-19904,2014-12-25,2014-12-29,Standard Class,Jennifer Halladay,Consumer,Sabah,Malaysia,APAC,Southeast Asia,OFF-EN-10001975,Office Supplies,Envelopes,"Kraft Business Envelopes, Security-Tint",82,5,0.0,10.65,2.19,Medium,2014
ID-2014-76324,2014-12-25,2014-12-27,First Class,Jamie Frazer,Consumer,Jakarta,Indonesia,APAC,Southeast Asia,OFF-EN-10001029,Office Supplies,Envelopes,"Cameo Business Envelopes, Recycled",92,9,0.47,-80.2305,5.71,Medium,2014
CA-2014-128734,2014-12-25,2015-01-01,Standard Class,James Lanier,Home Office,Arizona,United States,US,West,FUR-FU-10001731,Furniture,Furnishings,Acrylic Self-Standing Desk Frames,9,4,0.2,1.9224,0.86,Medium,2014
CA-2014-169978,2014-12-25,2014-12-29,Standard Class,Hunter Glantz,Consumer,New York,United States,US,East,OFF-BI-10001900,Office Supplies,Binders,"DXL Angle-View Binders with Locking Rings, Black",14,3,0.2,4.8519,0.98,Medium,2014
CA-2014-163671,2014-12-25,2014-12-31,Standard Class,Dave Poirier,Corporate,Idaho,United States,US,West,OFF-BI-10001679,Office Supplies,Binders,GBC Instant Index System for Binding Systems,21,3,0.2,7.992,1.07,Medium,2014
ES-2014-1871238,2014-12-25,2014-12-29,Standard Class,Victoria Wilson,Corporate,Balearic Islands,Spain,EU,South,OFF-ST-10003335,Office Supplies,Storage,"Smead Box, Blue",10,1,0.1,-1.077,0.52,Medium,2014
CA-2014-154935,2014-12-25,2014-12-30,Standard Class,Andy Reiter,Consumer,New York,United States,US,East,OFF-BI-10003708,Office Supplies,Binders,"Acco Four Pocket Poly Ring Binder with Label Holder, Smoke, 1""",18,3,0.2,5.5875,1.07,Medium,2014
CA-2014-1670,2014-12-25,2014-12-31,Standard Class,Randy Ferguson,Corporate,Manitoba,Canada,Canada,Canada,OFF-CAR-10001746,Office Supplies,Binders,"Cardinal Index Tab, Clear",13,2,0.0,5.64,1.11,Medium,2014
IN-2014-19904,2014-12-25,2014-12-29,Standard Class,Jennifer Halladay,Consumer,Sabah,Malaysia,APAC,Southeast Asia,FUR-FU-10000714,Furniture,Furnishings,"Tenex Light Bulb, Black",38,2,0.0,5.64,1.17,Medium,2014
IN-2014-32637,2014-12-25,2014-12-27,Second Class,Meg O'Connel,Home Office,Western Australia,Australia,APAC,Oceania,FUR-CH-10001204,Furniture,Chairs,"Harbour Creations Steel Folding Chair, Red",88,1,0.1,28.371,1.32,Medium,2014
US-2014-152751,2014-12-25,2014-12-31,Standard Class,Dan Reichenbach,Corporate,Minas Gerais,Brazil,LATAM,South,OFF-PA-10003052,Office Supplies,Paper,"Green Bar Message Books, Recycled",19,3,0.6,-6.18,1.43,Medium,2014
MX-2014-138177,2014-12-25,2014-12-29,Standard Class,Susan Pistek,Consumer,Francisco Morazán,Honduras,LATAM,Central,OFF-AR-10000481,Office Supplies,Art,"BIC Markers, Blue",21,2,0.4,-0.376,1.45,Medium,2014
MX-2014-138177,2014-12-25,2014-12-29,Standard Class,Susan Pistek,Consumer,Francisco Morazán,Honduras,LATAM,Central,OFF-FA-10000644,Office Supplies,Fasteners,"Accos Push Pins, Metal",18,3,0.4,2.928,1.5,Medium,2014
IN-2014-19904,2014-12-25,2014-12-29,Standard Class,Jennifer Halladay,Consumer,Sabah,Malaysia,APAC,Southeast Asia,OFF-EN-10003231,Office Supplies,Envelopes,"Jiffy Business Envelopes, Set of 50",39,2,0.0,7.38,1.63,Medium,2014
MX-2014-141369,2014-12-25,2015-01-01,Standard Class,Hunter Glantz,Consumer,Managua,Nicaragua,LATAM,Central,OFF-PA-10003832,Office Supplies,Paper,"Xerox Message Books, 8.5 x 11",33,2,0.0,5.88,1.79,Medium,2014
BO-2014-4120,2014-12-25,2014-12-27,Second Class,Liz Carlisle,Consumer,Brest,Belarus,EMEA,EMEA,OFF-ELD-10003181,Office Supplies,Storage,"Eldon Box, Industrial",11,1,0.0,3.96,1.81,Critical,2014
CA-2014-148355,2014-12-25,2014-12-29,Standard Class,Nick Crebassa,Corporate,Massachusetts,United States,US,East,OFF-BI-10000201,Office Supplies,Binders,"Avery Triangle Shaped Sheet Lifters, Black, 2/Pack",12,5,0.0,6.15,1.94,High,2014
AG-2014-2280,2014-12-25,2015-01-01,Standard Class,Michael Stewart,Corporate,Alger,Algeria,Africa,Africa,OFF-STA-10001636,Office Supplies,Art,"Stanley Markers, Water Color",51,2,0.0,16.74,1.97,Medium,2014
US-2014-153381,2014-12-25,2014-12-31,Standard Class,Beth Fritzler,Corporate,Santa Fe,Argentina,LATAM,South,OFF-AR-10001659,Office Supplies,Art,"Boston Markers, Blue",53,5,0.4,-12.36,2.25,Medium,2014
IN-2014-19904,2014-12-25,2014-12-29,Standard Class,Jennifer Halladay,Consumer,Sabah,Malaysia,APAC,Southeast Asia,TEC-AC-10004012,Technology,Accessories,"Enermax Flash Drive, Erganomic",79,2,0.0,33.0,6.0,Medium,2014
CA-2014-147956,2014-12-25,2015-01-01,Standard Class,Alan Hwang,Consumer,Washington,United States,US,West,OFF-ST-10001097,Office Supplies,Storage,Office Impressions Heavy Duty Welded Shelving & Multimedia Storage Drawers,1004,6,0.0,0.0,121.83,Low,2014
ES-2014-3444885,2014-12-25,2014-12-25,Same Day,Bruce Geld,Consumer,Provence-Alpes-Côte d'Azur,France,EU,Central,TEC-PH-10004152,Technology,Phones,"Apple Headset, VoIP",62,1,0.15,-0.7425,6.76,High,2014
ES-2014-5017334,2014-12-25,2014-12-30,Standard Class,Neil Französisch,Home Office,Berlin,Germany,EU,Central,TEC-CO-10004252,Technology,Copiers,"HP Ink, Color",586,5,0.1,103.98,35.27,Medium,2014
MX-2014-129840,2014-12-25,2014-12-28,First Class,Rob Haberlin,Consumer,San Salvador,El Salvador,LATAM,Central,TEC-AC-10002170,Technology,Accessories,"Enermax Numeric Keypad, USB",147,4,0.0,26.4,36.66,High,2014
ES-2014-3455098,2014-12-25,2015-01-01,Standard Class,Chuck Sachs,Consumer,Bavaria,Germany,EU,Central,TEC-MA-10004609,Technology,Machines,"Okidata Inkjet, White",311,1,0.0,40.44,51.14,Low,2014
CG-2014-5160,2014-12-25,2014-12-30,Standard Class,Christopher Conant,Consumer,Kasai-Oriental,Democratic Republic of the Congo,Africa,Africa,TEC-STA-10004181,Technology,Machines,"StarTech Inkjet, Durable",1201,4,0.0,132.0,56.54,Medium,2014
ES-2014-2364837,2014-12-25,2014-12-27,First Class,Cari MacIntyre,Corporate,Hovedstaden,Denmark,EU,North,OFF-AP-10003618,Office Supplies,Appliances,"Hoover Refrigerator, Silver",527,2,0.5,-189.75,57.49,High,2014
CA-2014-128734,2014-12-25,2015-01-01,Standard Class,James Lanier,Home Office,Arizona,United States,US,West,FUR-CH-10001394,Furniture,Chairs,Global Leather Executive Chair,842,3,0.2,105.297,70.22,Medium,2014
SA-2014-5840,2014-12-25,2014-12-28,Second Class,Don Jones,Corporate,Ar Riyad,Saudi Arabia,EMEA,EMEA,OFF-SME-10000746,Office Supplies,Storage,"Smead Lockers, Industrial",199,1,0.0,55.68,74.97,Critical,2014
CA-2014-124296,2014-12-25,2014-12-29,Standard Class,Christine Sundaresam,Consumer,Louisiana,United States,US,South,TEC-MA-10003183,Technology,Machines,DYMO CardScan Personal V9 Business Card Scanner,480,3,0.0,239.985,27.36,Medium,2014
ID-2014-66181,2014-12-25,2014-12-29,Standard Class,Art Ferguson,Consumer,Western Australia,Australia,APAC,Oceania,FUR-BO-10001668,Furniture,Bookcases,"Ikea Floating Shelf Set, Pine",773,5,0.1,-51.645,75.16,High,2014
MX-2014-141369,2014-12-25,2015-01-01,Standard Class,Hunter Glantz,Consumer,Managua,Nicaragua,LATAM,Central,TEC-CO-10001893,Technology,Copiers,"HP Wireless Fax, Color",962,4,0.002,335.5912,86.11,Medium,2014
MX-2014-166905,2014-12-25,2014-12-29,Standard Class,Pete Takahito,Consumer,Durango,Mexico,LATAM,North,TEC-CO-10003420,Technology,Copiers,"Sharp Wireless Fax, High-Speed",1649,7,0.002,277.53488,106.62,Medium,2014
IT-2014-1420868,2014-12-25,2014-12-25,Same Day,Bart Pistole,Corporate,Värmland,Sweden,EU,North,FUR-BO-10004704,Furniture,Bookcases,"Bush Corner Shelving, Pine",313,5,0.5,-12.6,127.82,Critical,2014
MA-2014-9580,2014-12-25,2014-12-27,First Class,Carol Darley,Consumer,Boeny,Madagascar,Africa,Africa,TEC-CAN-10001437,Technology,Copiers,"Canon Wireless Fax, Laser",379,1,0.0,185.52,147.79,Critical,2014
IR-2014-6760,2014-12-25,2014-12-30,Standard Class,Christopher Conant,Consumer,Tehran,Iran,EMEA,EMEA,FUR-SAF-10000213,Furniture,Bookcases,"Safco Classic Bookcase, Mobile",1763,4,0.0,669.72,162.31,Medium,2014
CA-2014-145219,2014-12-25,2014-12-26,First Class,Robert Marley,Home Office,California,United States,US,West,TEC-CO-10001449,Technology,Copiers,Hewlett Packard LaserJet 3310 Copier,2880,6,0.2,1007.9832,334.15,Critical,2014
MX-2014-141369,2014-12-25,2015-01-01,Standard Class,Hunter Glantz,Consumer,Managua,Nicaragua,LATAM,Central,TEC-AC-10003725,Technology,Accessories,"Memorex Flash Drive, Erganomic",73,4,0.0,25.36,6.24,Medium,2014
MX-2014-147270,2014-12-25,2014-12-27,First Class,Chuck Clark,Home Office,Huehuetenango,Guatemala,LATAM,Central,TEC-PH-10001712,Technology,Phones,"Nokia Smart Phone, Full Size",848,2,0.0,330.72,85.07,Medium,2014
ES-2014-3444885,2014-12-25,2014-12-25,Same Day,Bruce Geld,Consumer,Provence-Alpes-Côte d'Azur,France,EU,Central,TEC-AC-10004883,Technology,Accessories,"Enermax Keyboard, Programmable",170,2,0.0,73.02,26.3,High,2014
ES-2014-4689230,2014-12-25,2014-12-29,Standard Class,Michael Oakman,Consumer,Limburg,Belgium,EU,Central,OFF-AP-10001099,Office Supplies,Appliances,"Hoover Stove, Black",1136,2,0.0,90.84,93.1,Medium,2014
ES-2014-2524646,2014-12-25,2014-12-29,Standard Class,Beth Fritzler,Corporate,Lower Saxony,Germany,EU,Central,OFF-BI-10004446,Office Supplies,Binders,"Acco Binding Machine, Economy",409,8,0.0,118.32,25.6,Medium,2014
ES-2014-2524646,2014-12-25,2014-12-29,Standard Class,Beth Fritzler,Corporate,Lower Saxony,Germany,EU,Central,OFF-AR-10001461,Office Supplies,Art,"BIC Canvas, Water Color",114,2,0.0,1.08,7.78,Medium,2014
CA-2014-121195,2014-12-25,2014-12-28,First Class,Neola Schneider,Consumer,Texas,United States,US,Central,OFF-ST-10000585,Office Supplies,Storage,Economy Rollaway Files,264,2,0.2,19.824,26.08,High,2014
ID-2014-76324,2014-12-25,2014-12-27,First Class,Jamie Frazer,Consumer,Jakarta,Indonesia,APAC,Southeast Asia,OFF-SU-10002543,Office Supplies,Supplies,"Stiletto Scissors, Easy Grip",80,6,0.47,-62.1486,7.93,Medium,2014
IN-2014-19904,2014-12-25,2014-12-29,Standard Class,Jennifer Halladay,Consumer,Sabah,Malaysia,APAC,Southeast Asia,OFF-FA-10000248,Office Supplies,Fasteners,"Stockwell Rubber Bands, Assorted Sizes",98,7,0.0,48.93,8.41,Medium,2014
ES-2014-1871238,2014-12-25,2014-12-29,Standard Class,Victoria Wilson,Corporate,Balearic Islands,Spain,EU,South,TEC-CO-10004325,Technology,Copiers,"Canon Personal Copier, Laser",285,2,0.0,128.46,12.74,Medium,2014
IT-2014-1420868,2014-12-25,2014-12-25,Same Day,Bart Pistole,Corporate,Värmland,Sweden,EU,North,TEC-MA-10003261,Technology,Machines,"Panasonic Phone, Durable",42,1,0.5,-3.42,13.86,Critical,2014
IN-2014-37551,2014-12-25,2014-12-29,Standard Class,Don Jones,Corporate,Jawa Timur,Indonesia,APAC,Southeast Asia,FUR-FU-10002362,Furniture,Furnishings,"Advantus Door Stop, Black",230,7,0.27,44.0433,14.24,Medium,2014
IT-2014-1420868,2014-12-25,2014-12-25,Same Day,Bart Pistole,Corporate,Värmland,Sweden,EU,North,FUR-FU-10000072,Furniture,Furnishings,"Advantus Light Bulb, Erganomic",67,9,0.6,-85.806,15.24,Critical,2014
IN-2014-27345,2014-12-25,2014-12-30,Second Class,Thea Hendricks,Consumer,Queensland,Australia,APAC,Oceania,OFF-AR-10000027,Office Supplies,Art,"Binney & Smith Pencil Sharpener, Easy-Erase",126,5,0.1,40.485,11.88,Medium,2014
ES-2014-3954413,2014-12-25,2014-12-31,Standard Class,Tony Chapman,Home Office,Valenciana,Spain,EU,South,OFF-ST-10000127,Office Supplies,Storage,"Fellowes Shelving, Wire Frame",205,4,0.1,70.476,16.9,Medium,2014
AG-2014-2280,2014-12-25,2015-01-01,Standard Class,Michael Stewart,Corporate,Alger,Algeria,Africa,Africa,FUR-SAU-10000893,Furniture,Bookcases,"Sauder Stackable Bookrack, Mobile",294,2,0.0,85.14,17.8,Medium,2014
IR-2014-6760,2014-12-25,2014-12-30,Standard Class,Christopher Conant,Consumer,Tehran,Iran,EMEA,EMEA,TEC-STA-10000546,Technology,Machines,"StarTech Calculator, Red",223,6,0.0,33.3,21.47,Medium,2014
CA-2014-124296,2014-12-25,2014-12-29,Standard Class,Christine Sundaresam,Consumer,Louisiana,United States,US,South,FUR-CH-10002439,Furniture,Chairs,"Iceberg Nesting Folding Chair, 19w x 6d x 43h",233,4,0.0,60.5488,23.2,Medium,2014
CA-2014-169978,2014-12-25,2014-12-29,Standard Class,Hunter Glantz,Consumer,New York,United States,US,East,FUR-CH-10002602,Furniture,Chairs,DMI Arturo Collection Mission-style Design Wood Chair,272,2,0.1,48.3136,23.2,Medium,2014
IN-2014-78522,2014-12-25,2014-12-29,Second Class,David Wiener,Corporate,Queensland,Australia,APAC,Oceania,FUR-CH-10004580,Furniture,Chairs,"Office Star Bag Chairs, Adjustable",209,4,0.1,48.588,23.29,Medium,2014
IN-2014-25644,2014-12-25,2014-12-30,Standard Class,Allen Armold,Consumer,New South Wales,Australia,APAC,Oceania,FUR-BO-10004230,Furniture,Bookcases,"Bush Corner Shelving, Metal",444,4,0.1,153.06,25.03,Medium,2014
CA-2014-145219,2014-12-25,2014-12-26,First Class,Robert Marley,Home Office,California,United States,US,West,OFF-BI-10001670,Office Supplies,Binders,Vinyl Sectional Post Binders,90,3,0.2,33.93,15.95,Critical,2014
IR-2014-6760,2014-12-25,2014-12-30,Standard Class,Christopher Conant,Consumer,Tehran,Iran,EMEA,EMEA,TEC-KON-10004774,Technology,Machines,"Konica Inkjet, Durable",624,2,0.0,37.38,25.02,Medium,2014
IT-2014-5217096,2014-12-26,2014-12-31,Standard Class,Trudy Glocke,Consumer,Stockholm,Sweden,EU,North,OFF-AR-10004151,Office Supplies,Art,"BIC Sketch Pad, Blue",49,2,0.5,-31.2,4.39,Medium,2014
CA-2014-146780,2014-12-26,2014-12-31,Standard Class,Cynthia Voltz,Corporate,New York,United States,US,East,FUR-FU-10001934,Furniture,Furnishings,Magnifier Swing Arm Lamp,42,2,0.0,10.9096,4.18,Medium,2014
CA-2014-134194,2014-12-26,2015-01-02,Standard Class,Guy Armstrong,Consumer,Texas,United States,US,Central,OFF-BI-10001597,Office Supplies,Binders,"Wilson Jones Ledger-Size, Piano-Hinge Binder, 2"", Blue",41,5,0.8,-65.568,4.14,Low,2014
US-2014-136084,2014-12-26,2014-12-26,Same Day,Tracy Hopkins,Home Office,Francisco Morazán,Honduras,LATAM,Central,OFF-EN-10003636,Office Supplies,Envelopes,"Jiffy Peel and Seal, Security-Tint",36,4,0.4,-9.024,4.07,Medium,2014
US-2014-147669,2014-12-26,2014-12-31,Standard Class,Susan Vittorini,Consumer,Ohio,United States,US,East,OFF-FA-10002975,Office Supplies,Fasteners,Staples,39,13,0.2,12.7764,3.41,Medium,2014
MX-2014-142825,2014-12-26,2014-12-30,Standard Class,Karen Bern,Corporate,San Salvador,El Salvador,LATAM,Central,OFF-EN-10004211,Office Supplies,Envelopes,"GlobeWeis Business Envelopes, Security-Tint",53,4,0.0,22.56,3.7,Medium,2014
IN-2014-14850,2014-12-26,2014-12-31,Standard Class,Sonia Sunley,Consumer,Yogyakarta,Indonesia,APAC,Southeast Asia,FUR-FU-10004509,Furniture,Furnishings,"Advantus Door Stop, Duo Pack",99,3,0.27,2.6271,3.37,Medium,2014
CA-2014-134194,2014-12-26,2015-01-02,Standard Class,Guy Armstrong,Consumer,Texas,United States,US,Central,OFF-BI-10003684,Office Supplies,Binders,Wilson Jones Legal Size Ring Binders,40,9,0.8,-59.373,3.12,Low,2014
IT-2014-2208571,2014-12-26,2014-12-28,First Class,Maribeth Schnelling,Consumer,Lisboa,Portugal,EU,South,OFF-BI-10000171,Office Supplies,Binders,"Wilson Jones Index Tab, Recycled",20,6,0.5,-9.09,4.48,High,2014
MX-2014-110499,2014-12-26,2014-12-30,Standard Class,Matthew Clasen,Corporate,Mayabeque,Cuba,LATAM,Caribbean,OFF-PA-10001516,Office Supplies,Paper,"Xerox Note Cards, Recycled",35,2,0.0,8.4,2.91,Medium,2014
CA-2014-114055,2014-12-26,2014-12-30,Second Class,Mick Hernandez,Home Office,Alabama,United States,US,South,OFF-PA-10004381,Office Supplies,Paper,14-7/8 x 11 Blue Bar Computer Printout Paper,96,2,0.0,46.1184,4.0,High,2014
IN-2014-66020,2014-12-26,2015-01-01,Standard Class,Neil Ducich,Corporate,Western Australia,Australia,APAC,Oceania,OFF-PA-10000127,Office Supplies,Paper,"SanDisk Parchment Paper, Multicolor",82,5,0.1,24.39,4.93,Medium,2014
IN-2014-71886,2014-12-26,2014-12-31,Standard Class,Maria Etezadi,Home Office,Beijing,China,APAC,North Asia,OFF-SU-10004938,Office Supplies,Supplies,"Fiskars Trimmer, Steel",83,2,0.0,7.5,7.72,High,2014
ES-2014-4936686,2014-12-26,2014-12-30,Standard Class,Amy Cox,Consumer,North Rhine-Westphalia,Germany,EU,Central,OFF-AR-10003450,Office Supplies,Art,"BIC Markers, Blue",159,6,0.0,3.06,5.38,Medium,2014
TU-2014-6470,2014-12-26,2014-12-28,Second Class,Jack Garza,Consumer,Ankara,Turkey,EMEA,EMEA,FUR-RUB-10001380,Furniture,Furnishings,"Rubbermaid Photo Frame, Erganomic",40,2,0.6,-29.244,5.41,High,2014
TU-2014-4210,2014-12-26,2014-12-30,Standard Class,Alan Dominguez,Home Office,Elazig,Turkey,EMEA,EMEA,OFF-SME-10002740,Office Supplies,Storage,"Smead Lockers, Single Width",159,2,0.6,-59.58,5.7,Medium,2014
ID-2014-86033,2014-12-26,2014-12-30,Second Class,Bobby Odegard,Consumer,Queensland,Australia,APAC,Oceania,OFF-LA-10003376,Office Supplies,Labels,"Hon Shipping Labels, Adjustable",33,6,0.4,-17.388,5.73,High,2014
CA-2014-134194,2014-12-26,2015-01-02,Standard Class,Guy Armstrong,Consumer,Texas,United States,US,Central,OFF-SU-10000946,Office Supplies,Supplies,Staples,45,7,0.2,5.0274,6.61,Low,2014
CA-2014-163510,2014-12-26,2014-12-29,Second Class,Joni Wasserman,Consumer,Kentucky,United States,US,South,OFF-ST-10000563,Office Supplies,Storage,Fellowes Bankers Box Stor/Drawer Steel Plus,96,3,0.0,9.594,6.81,High,2014
MX-2014-118451,2014-12-26,2014-12-30,Second Class,John Grady,Corporate,Las Tunas,Cuba,LATAM,Caribbean,OFF-AR-10000503,Office Supplies,Art,"Stanley Pens, Blue",34,5,0.0,6.7,8.0,High,2014
ES-2014-5205023,2014-12-26,2015-01-01,Standard Class,Darrin Martin,Consumer,Berlin,Germany,EU,Central,FUR-FU-10003512,Furniture,Furnishings,"Eldon Stacking Tray, Erganomic",190,7,0.1,35.826,8.09,Medium,2014
ES-2014-5314666,2014-12-26,2015-01-01,Standard Class,Mark Packer,Home Office,North Rhine-Westphalia,Germany,EU,Central,TEC-AC-10001666,Technology,Accessories,"Memorex Numeric Keypad, Erganomic",93,2,0.0,14.94,8.16,Low,2014
ES-2014-1114603,2014-12-26,2014-12-31,Standard Class,Heather Jas,Home Office,Lorraine,France,EU,Central,OFF-BI-10000734,Office Supplies,Binders,"Avery Binding Machine, Recycled",98,2,0.0,42.3,8.4,Medium,2014
IT-2014-5217096,2014-12-26,2014-12-31,Standard Class,Trudy Glocke,Consumer,Stockholm,Sweden,EU,North,OFF-FA-10000856,Office Supplies,Fasteners,"Stockwell Thumb Tacks, Bulk Pack",34,5,0.5,-12.975,2.84,Medium,2014
TU-2014-6470,2014-12-26,2014-12-28,Second Class,Jack Garza,Consumer,Ankara,Turkey,EMEA,EMEA,OFF-BOS-10004262,Office Supplies,Art,"Boston Highlighters, Easy-Erase",31,4,0.6,-29.136,5.12,High,2014
CA-2014-134194,2014-12-26,2015-01-02,Standard Class,Guy Armstrong,Consumer,Texas,United States,US,Central,OFF-AR-10001615,Office Supplies,Art,Newell 34,32,2,0.2,2.3808,2.52,Low,2014
TU-2014-4210,2014-12-26,2014-12-30,Standard Class,Alan Dominguez,Home Office,Elazig,Turkey,EMEA,EMEA,OFF-CAR-10002054,Office Supplies,Binders,"Cardinal Hole Reinforcements, Economy",4,2,0.6,-2.088,0.51,Medium,2014
ID-2014-86033,2014-12-26,2014-12-30,Second Class,Bobby Odegard,Consumer,Queensland,Australia,APAC,Oceania,OFF-EN-10004840,Office Supplies,Envelopes,"Jiffy Clasp Envelope, Security-Tint",13,2,0.4,-4.416,2.12,High,2014
SU-2014-5210,2014-12-26,2014-12-30,Standard Class,Dorothy Badders,Corporate,Red Sea,Sudan,Africa,Africa,OFF-FEL-10004224,Office Supplies,Storage,"Fellowes Trays, Wire Frame",113,2,0.0,28.2,8.64,Medium,2014
TU-2014-4210,2014-12-26,2014-12-30,Standard Class,Alan Dominguez,Home Office,Elazig,Turkey,EMEA,EMEA,OFF-SAN-10003285,Office Supplies,Art,"Sanford Pens, Fluorescent",5,1,0.6,-3.966,0.13,Medium,2014
CA-2014-134194,2014-12-26,2015-01-02,Standard Class,Guy Armstrong,Consumer,Texas,United States,US,Central,OFF-BI-10001116,Office Supplies,Binders,"Wilson Jones 1"" Hanging DublLock Ring Binders",3,3,0.8,-5.0688,0.18,Low,2014
TU-2014-6470,2014-12-26,2014-12-28,Second Class,Jack Garza,Consumer,Ankara,Turkey,EMEA,EMEA,OFF-STO-10001173,Office Supplies,Fasteners,"Stockwell Thumb Tacks, Assorted Sizes",9,2,0.6,-5.496,0.19,High,2014
KZ-2014-8290,2014-12-26,2014-12-30,Standard Class,Bill Donatelli,Consumer,Qaraghandy,Kazakhstan,EMEA,EMEA,OFF-SME-10000018,Office Supplies,Labels,"Smead Round Labels, Laser Printer Compatible",2,1,0.7,-2.37,0.23,High,2014
CA-2014-162880,2014-12-26,2014-12-30,Standard Class,Giulietta Dortch,Corporate,Washington,United States,US,West,OFF-BI-10003314,Office Supplies,Binders,Tuff Stuff Recycled Round Ring Binders,4,1,0.2,1.3978,0.23,Medium,2014
TU-2014-4210,2014-12-26,2014-12-30,Standard Class,Alan Dominguez,Home Office,Elazig,Turkey,EMEA,EMEA,OFF-HAR-10001948,Office Supplies,Labels,"Harbour Creations File Folder Labels, Adjustable",5,2,0.6,-7.296,0.34,Medium,2014
US-2014-164476,2014-12-26,2014-12-30,Standard Class,Michael Grace,Home Office,Chiriquí,Panama,LATAM,Central,OFF-LA-10002972,Office Supplies,Labels,"Avery File Folder Labels, Alphabetical",11,3,0.4,-0.912,0.44,Medium,2014
TU-2014-2880,2014-12-26,2015-01-02,Standard Class,Jack O'Briant,Corporate,Adana,Turkey,EMEA,EMEA,OFF-AVE-10004708,Office Supplies,Binders,"Avery Binder, Recycled",5,1,0.6,-1.866,0.55,Medium,2014
CA-2014-114055,2014-12-26,2014-12-30,Second Class,Mick Hernandez,Home Office,Alabama,United States,US,South,OFF-FA-10003059,Office Supplies,Fasteners,Assorted Color Push Pins,4,2,0.0,1.1946,0.61,High,2014
ES-2014-4706940,2014-12-26,2014-12-31,Standard Class,David Bremer,Corporate,Provence-Alpes-Côte d'Azur,France,EU,Central,OFF-AR-10001626,Office Supplies,Art,"BIC Pens, Blue",29,2,0.0,3.12,0.63,Medium,2014
NI-2014-8820,2014-12-26,2014-12-26,Same Day,Craig Reiter,Consumer,Lagos,Nigeria,Africa,Africa,OFF-HAR-10003659,Office Supplies,Labels,"Harbour Creations Color Coded Labels, Adjustable",13,4,0.7,-24.24,0.65,High,2014
US-2014-147669,2014-12-26,2014-12-31,Standard Class,Susan Vittorini,Consumer,Ohio,United States,US,East,OFF-BI-10000632,Office Supplies,Binders,Satellite Sectional Post Binders,13,1,0.7,-10.4184,0.69,Medium,2014
ES-2014-5784467,2014-12-26,2014-12-30,Standard Class,Cindy Schnelling,Corporate,Upper Austria,Austria,EU,Central,OFF-BI-10002083,Office Supplies,Binders,"Acco Hole Reinforcements, Economy",7,1,0.0,0.57,0.69,High,2014
CA-2014-108756,2014-12-26,2014-12-30,Standard Class,Patrick O'Donnell,Consumer,New Jersey,United States,US,East,TEC-AC-10003237,Technology,Accessories,Memorex Micro Travel Drive 4 GB,32,3,0.0,13.674,0.81,Medium,2014
IT-2014-5217096,2014-12-26,2014-12-31,Standard Class,Trudy Glocke,Consumer,Stockholm,Sweden,EU,North,FUR-FU-10003046,Furniture,Furnishings,"Advantus Photo Frame, Durable",20,1,0.6,-22.026,0.98,Medium,2014
IT-2014-5217096,2014-12-26,2014-12-31,Standard Class,Trudy Glocke,Consumer,Stockholm,Sweden,EU,North,TEC-AC-10004586,Technology,Accessories,"Belkin Flash Drive, Bluetooth",21,1,0.5,-5.46,0.98,Medium,2014
TU-2014-4210,2014-12-26,2014-12-30,Standard Class,Alan Dominguez,Home Office,Elazig,Turkey,EMEA,EMEA,OFF-ROG-10003733,Office Supplies,Storage,"Rogers Folders, Wire Frame",12,1,0.6,-14.586,1.04,Medium,2014
NI-2014-8820,2014-12-26,2014-12-26,Same Day,Craig Reiter,Consumer,Lagos,Nigeria,Africa,Africa,OFF-SAN-10001128,Office Supplies,Art,"Sanford Pens, Easy-Erase",3,1,0.7,-5.349,1.08,High,2014
SU-2014-5210,2014-12-26,2014-12-30,Standard Class,Dorothy Badders,Corporate,Red Sea,Sudan,Africa,Africa,OFF-AME-10003180,Office Supplies,Envelopes,"Ames Business Envelopes, Set of 50",18,1,0.0,5.25,1.17,Medium,2014
CA-2014-105620,2014-12-26,2014-12-29,First Class,Jennifer Halladay,Consumer,Florida,United States,US,South,FUR-FU-10004963,Furniture,Furnishings,"Eldon 400 Class Desk Accessories, Black Carbon",21,3,0.2,5.775,1.18,Medium,2014
US-2014-164476,2014-12-26,2014-12-30,Standard Class,Michael Grace,Home Office,Chiriquí,Panama,LATAM,Central,OFF-FA-10000475,Office Supplies,Fasteners,"OIC Paper Clips, Metal",12,2,0.4,-3.72,1.21,Medium,2014
KZ-2014-1640,2014-12-26,2014-12-31,Standard Class,Art Ferguson,Consumer,Zhambyl,Kazakhstan,EMEA,EMEA,OFF-AVE-10004909,Office Supplies,Binders,"Avery 3-Hole Punch, Durable",18,2,0.7,-20.598,1.21,Medium,2014
TU-2014-9350,2014-12-26,2014-12-31,Standard Class,Ben Peterman,Corporate,Kahramanmaras,Turkey,EMEA,EMEA,OFF-STA-10004885,Office Supplies,Art,"Stanley Sketch Pad, Easy-Erase",18,1,0.6,-18.33,2.09,Medium,2014
TU-2014-2880,2014-12-26,2015-01-02,Standard Class,Jack O'Briant,Corporate,Adana,Turkey,EMEA,EMEA,OFF-HAR-10000414,Office Supplies,Labels,"Harbour Creations Round Labels, Adjustable",2,1,0.6,-1.5,0.11,Medium,2014
IT-2014-4907444,2014-12-26,2015-01-01,Standard Class,Barry Pond,Corporate,Emilia-Romagna,Italy,EU,South,FUR-CH-10000214,Furniture,Chairs,"Harbour Creations Bag Chairs, Black",24,1,0.6,-30.204,2.51,Low,2014
ES-2014-4576851,2014-12-26,2014-12-31,Standard Class,Nat Carroll,Consumer,Aquitaine,France,EU,Central,OFF-BI-10001820,Office Supplies,Binders,"Wilson Jones Binding Machine, Durable",202,4,0.0,3.96,9.12,Medium,2014
ID-2014-85487,2014-12-26,2014-12-30,Standard Class,Darrin Martin,Consumer,Queensland,Australia,APAC,Oceania,OFF-AR-10001162,Office Supplies,Art,"BIC Pencil Sharpener, Blue",244,14,0.4,-89.376,29.45,High,2014
TU-2014-6470,2014-12-26,2014-12-28,Second Class,Jack Garza,Consumer,Ankara,Turkey,EMEA,EMEA,TEC-LOG-10003995,Technology,Accessories,"Logitech Numeric Keypad, Erganomic",106,6,0.6,-50.328,9.28,High,2014
US-2014-120439,2014-12-26,2015-01-01,Standard Class,Jill Stevenson,Corporate,Santo Domingo,Dominican Republic,LATAM,Caribbean,TEC-PH-10001917,Technology,Phones,"Motorola Speaker Phone, Full Size",350,5,0.2,-78.68,31.38,Low,2014
US-2014-164476,2014-12-26,2014-12-30,Standard Class,Michael Grace,Home Office,Chiriquí,Panama,LATAM,Central,TEC-AC-10004626,Technology,Accessories,"Belkin Router, Erganomic",513,5,0.4,-342.08,31.69,Medium,2014
RS-2014-3770,2014-12-26,2014-12-28,Second Class,Nicole Hansen,Corporate,Yaroslavl',Russia,EMEA,EMEA,TEC-HEW-10004937,Technology,Copiers,"Hewlett Fax Machine, Digital",320,1,0.0,146.97,32.9,Medium,2014
IN-2014-13835,2014-12-26,2015-01-01,Standard Class,Jill Fjeld,Consumer,Tokyo,Japan,APAC,North Asia,TEC-PH-10003891,Technology,Phones,"Cisco Audio Dock, with Caller ID",910,5,0.0,391.35,33.15,Medium,2014
ES-2014-2226967,2014-12-26,2015-01-01,Standard Class,Clay Ludtke,Consumer,North Rhine-Westphalia,Germany,EU,Central,FUR-FU-10001718,Furniture,Furnishings,"Eldon Door Stop, Duo Pack",251,5,0.0,77.7,33.78,Low,2014
ES-2014-3454494,2014-12-26,2014-12-30,Second Class,Greg Hansen,Consumer,England,United Kingdom,EU,North,TEC-MA-10004669,Technology,Machines,"Epson Inkjet, Wireless",277,1,0.1,3.078,38.01,High,2014
IN-2014-33834,2014-12-26,2014-12-29,First Class,Stefania Perrino,Corporate,Dhaka,Bangladesh,APAC,Central Asia,OFF-AR-10002109,Office Supplies,Art,"Binney & Smith Sketch Pad, Fluorescent",143,3,0.0,39.96,42.65,Critical,2014
CA-2014-163510,2014-12-26,2014-12-29,Second Class,Joni Wasserman,Consumer,Kentucky,United States,US,South,FUR-CH-10001146,Furniture,Chairs,"Global Value Mid-Back Manager's Chair, Gray",304,5,0.0,76.1125,43.66,High,2014
ID-2014-86033,2014-12-26,2014-12-30,Second Class,Bobby Odegard,Consumer,Queensland,Australia,APAC,Oceania,TEC-CO-10002040,Technology,Copiers,"Hewlett Fax and Copier, High-Speed",229,2,0.4,-7.656,43.81,High,2014
US-2014-136084,2014-12-26,2014-12-26,Same Day,Tracy Hopkins,Home Office,Francisco Morazán,Honduras,LATAM,Central,OFF-AP-10000663,Office Supplies,Appliances,"Hoover Stove, Red",910,4,0.4,30.272,47.14,Medium,2014
ES-2014-4936686,2014-12-26,2014-12-30,Standard Class,Amy Cox,Consumer,North Rhine-Westphalia,Germany,EU,Central,TEC-AC-10003518,Technology,Accessories,"Logitech Router, USB",990,4,0.0,118.8,53.42,Medium,2014
TU-2014-4210,2014-12-26,2014-12-30,Standard Class,Alan Dominguez,Home Office,Elazig,Turkey,EMEA,EMEA,TEC-KON-10004519,Technology,Machines,"Konica Card Printer, Red",276,4,0.6,-255.048,28.81,Medium,2014
ES-2014-2226967,2014-12-26,2015-01-01,Standard Class,Clay Ludtke,Consumer,North Rhine-Westphalia,Germany,EU,Central,TEC-CO-10002242,Technology,Copiers,"Brother Fax and Copier, Color",386,2,0.0,92.58,53.77,Low,2014
MX-2014-114797,2014-12-26,2014-12-26,Same Day,Greg Matthias,Consumer,Managua,Nicaragua,LATAM,Central,TEC-PH-10001917,Technology,Phones,"Motorola Speaker Phone, Full Size",262,3,0.0,5.22,73.46,Medium,2014
ES-2014-3454494,2014-12-26,2014-12-30,Second Class,Greg Hansen,Consumer,England,United Kingdom,EU,North,FUR-CH-10004792,Furniture,Chairs,"SAFCO Swivel Stool, Set of Two",460,3,0.1,142.893,77.01,High,2014
IT-2014-5113824,2014-12-26,2014-12-27,First Class,Sarah Foster,Consumer,Mecklenburg-Vorpommern,Germany,EU,Central,FUR-TA-10003527,Furniture,Tables,"Chromcraft Wood Table, with Bottom Storage",941,3,0.35,-202.716,77.02,Medium,2014
IN-2014-71886,2014-12-26,2014-12-31,Standard Class,Maria Etezadi,Home Office,Beijing,China,APAC,North Asia,FUR-TA-10003157,Furniture,Tables,"Hon Coffee Table, with Bottom Storage",663,3,0.3,-255.96,94.18,High,2014
MX-2014-142825,2014-12-26,2014-12-30,Standard Class,Karen Bern,Corporate,San Salvador,El Salvador,LATAM,Central,FUR-BO-10004425,Furniture,Bookcases,"Sauder Library with Doors, Mobile",1821,7,0.0,436.94,114.61,Medium,2014
IN-2014-45622,2014-12-26,2014-12-30,Standard Class,Dorothy Wardle,Corporate,Hiroshima,Japan,APAC,North Asia,TEC-PH-10002104,Technology,Phones,"Cisco Speaker Phone, Cordless",1272,9,0.0,368.82,129.37,High,2014
ES-2014-5314666,2014-12-26,2015-01-01,Standard Class,Mark Packer,Home Office,North Rhine-Westphalia,Germany,EU,Central,TEC-PH-10000437,Technology,Phones,"Cisco Signal Booster, VoIP",1063,7,0.0,63.63,139.07,Low,2014
CA-2014-114055,2014-12-26,2014-12-30,Second Class,Mick Hernandez,Home Office,Alabama,United States,US,South,OFF-PA-10000994,Office Supplies,Paper,Xerox 1915,629,6,0.0,301.968,141.52,High,2014
IN-2014-71886,2014-12-26,2014-12-31,Standard Class,Maria Etezadi,Home Office,Beijing,China,APAC,North Asia,TEC-MA-10002680,Technology,Machines,"Konica Inkjet, White",932,3,0.0,214.29,153.48,High,2014
ES-2014-5314666,2014-12-26,2015-01-01,Standard Class,Mark Packer,Home Office,North Rhine-Westphalia,Germany,EU,Central,TEC-PH-10002759,Technology,Phones,"Cisco Smart Phone, Cordless",1954,3,0.0,781.74,183.9,Low,2014
US-2014-147669,2014-12-26,2014-12-31,Standard Class,Susan Vittorini,Consumer,Ohio,United States,US,East,TEC-AC-10002473,Technology,Accessories,Maxell 4.7GB DVD-R,159,7,0.2,41.7186,9.27,Medium,2014
IT-2014-2208571,2014-12-26,2014-12-28,First Class,Maribeth Schnelling,Consumer,Lisboa,Portugal,EU,South,TEC-CO-10002232,Technology,Copiers,"HP Ink, Laser",322,5,0.5,-193.05,57.83,High,2014
US-2014-152254,2014-12-26,2014-12-30,Second Class,Alejandro Ballentine,Home Office,Santo Domingo,Dominican Republic,LATAM,Caribbean,TEC-AC-10001355,Technology,Accessories,"Memorex Router, Programmable",396,3,0.2,-0.024,28.26,Medium,2014
US-2014-152254,2014-12-26,2014-12-30,Second Class,Alejandro Ballentine,Home Office,Santo Domingo,Dominican Republic,LATAM,Caribbean,FUR-CH-10004669,Furniture,Chairs,"Novimex Executive Leather Armchair, Black",733,3,0.2,174.0,52.49,Medium,2014
ES-2014-1154298,2014-12-26,2014-12-31,Standard Class,Michael Granlund,Home Office,Lorraine,France,EU,Central,FUR-FU-10001252,Furniture,Furnishings,"Eldon Frame, Duo Pack",233,2,0.0,104.64,27.12,Medium,2014
ES-2014-4576851,2014-12-26,2014-12-31,Standard Class,Nat Carroll,Consumer,Aquitaine,France,EU,Central,TEC-MA-10003780,Technology,Machines,"Epson Card Printer, White",429,3,0.15,60.588,27.58,Medium,2014
CA-2014-114055,2014-12-26,2014-12-30,Second Class,Mick Hernandez,Home Office,Alabama,United States,US,South,TEC-PH-10002890,Technology,Phones,AT&T 17929 Lendline Telephone,90,2,0.0,23.5248,10.21,High,2014
IN-2014-14850,2014-12-26,2014-12-31,Standard Class,Sonia Sunley,Consumer,Yogyakarta,Indonesia,APAC,Southeast Asia,TEC-AC-10004813,Technology,Accessories,"SanDisk Keyboard, Bluetooth",302,7,0.47,-131.3592,10.26,Medium,2014
EG-2014-8800,2014-12-26,2014-12-28,Second Class,Thomas Thornton,Consumer,Al Fayyum,Egypt,Africa,Africa,OFF-BOS-10002472,Office Supplies,Art,"Boston Sketch Pad, Blue",49,1,0.0,20.88,10.65,Critical,2014
MX-2014-103905,2014-12-26,2014-12-29,First Class,Philip Brown,Consumer,Guatemala,Guatemala,LATAM,Central,OFF-AP-10003538,Office Supplies,Appliances,"Hamilton Beach Microwave, Silver",944,5,0.0,217.1,10.73,Medium,2014
MX-2014-142825,2014-12-26,2014-12-30,Standard Class,Karen Bern,Corporate,San Salvador,El Salvador,LATAM,Central,OFF-AP-10001931,Office Supplies,Appliances,"Hoover Blender, Black",129,2,0.0,33.48,11.15,Medium,2014
ES-2014-5314666,2014-12-26,2015-01-01,Standard Class,Mark Packer,Home Office,North Rhine-Westphalia,Germany,EU,Central,OFF-LA-10003217,Office Supplies,Labels,"Smead File Folder Labels, Laser Printer Compatible",71,8,0.0,0.48,11.59,Low,2014
ES-2014-4576851,2014-12-26,2014-12-31,Standard Class,Nat Carroll,Consumer,Aquitaine,France,EU,Central,TEC-MA-10001210,Technology,Machines,"Okidata Calculator, Durable",134,3,0.15,-12.6045,12.36,Medium,2014
CA-2014-105620,2014-12-26,2014-12-29,First Class,Jennifer Halladay,Consumer,Florida,United States,US,South,TEC-MA-10004626,Technology,Machines,Lexmark 20R1285 X6650 Wireless All-in-One Printer,120,2,0.5,-7.2,12.42,Medium,2014
IN-2014-45622,2014-12-26,2014-12-30,Standard Class,Dorothy Wardle,Corporate,Hiroshima,Japan,APAC,North Asia,OFF-FA-10000549,Office Supplies,Fasteners,"Advantus Staples, Metal",99,9,0.0,11.61,13.04,High,2014
TU-2014-6470,2014-12-26,2014-12-28,Second Class,Jack Garza,Consumer,Ankara,Turkey,EMEA,EMEA,OFF-WIL-10000164,Office Supplies,Binders,"Wilson Jones Binding Machine, Durable",81,4,0.6,-117.144,13.33,High,2014
US-2014-155124,2014-12-26,2014-12-30,Standard Class,Bill Donatelli,Consumer,Jalisco,Mexico,LATAM,North,FUR-BO-10002471,Furniture,Bookcases,"Safco 3-Shelf Cabinet, Metal",269,3,0.2,-40.44,14.34,Medium,2014
CA-2014-121398,2014-12-26,2014-12-30,Standard Class,Fred Hopkins,Corporate,California,United States,US,West,OFF-BI-10001718,Office Supplies,Binders,GBC DocuBind P50 Personal Binding Machine,154,3,0.2,51.8238,9.59,Medium,2014
MX-2014-138569,2014-12-26,2014-12-27,First Class,Katherine Hughes,Consumer,Chiapas,Mexico,LATAM,North,FUR-CH-10004242,Furniture,Chairs,"Office Star Steel Folding Chair, Black",143,3,0.2,46.368,15.32,High,2014
US-2014-147669,2014-12-26,2014-12-31,Standard Class,Susan Vittorini,Consumer,Ohio,United States,US,East,FUR-TA-10002645,Furniture,Tables,Hon Rectangular Conference Tables,273,2,0.4,-104.673,14.81,Medium,2014
IN-2014-33834,2014-12-26,2014-12-29,First Class,Stefania Perrino,Corporate,Dhaka,Bangladesh,APAC,Central Asia,FUR-FU-10001933,Furniture,Furnishings,"Tenex Stacking Tray, Black",76,3,0.0,22.68,23.19,Critical,2014
TU-2014-6470,2014-12-26,2014-12-28,Second Class,Jack Garza,Consumer,Ankara,Turkey,EMEA,EMEA,TEC-CAN-10001437,Technology,Copiers,"Canon Wireless Fax, Laser",151,1,0.6,-41.676,22.44,High,2014
ES-2014-3454494,2014-12-26,2014-12-30,Second Class,Greg Hansen,Consumer,England,United Kingdom,EU,North,OFF-AR-10000110,Office Supplies,Art,"Binney & Smith Sketch Pad, Blue",125,3,0.1,22.194,19.52,High,2014
CA-2014-161480,2014-12-26,2014-12-30,Standard Class,Ralph Arnett,Consumer,New York,United States,US,East,FUR-BO-10004015,Furniture,Bookcases,"Bush Andora Bookcase, Maple/Graphite Gray Finish",192,2,0.2,4.7996,19.3,High,2014
IN-2014-35731,2014-12-26,2014-12-26,Same Day,Dorris liebe,Corporate,Karnataka,India,APAC,Central Asia,OFF-ST-10004847,Office Supplies,Storage,"Tenex File Cart, Blue",133,1,0.0,61.26,23.57,Critical,2014
TU-2014-6470,2014-12-26,2014-12-28,Second Class,Jack Garza,Consumer,Ankara,Turkey,EMEA,EMEA,FUR-BEV-10002193,Furniture,Tables,"Bevis Round Table, Adjustable Height",1249,6,0.6,-1779.768,18.28,High,2014
ES-2014-1783355,2014-12-26,2014-12-30,Standard Class,Joni Sundaresam,Home Office,Midi-Pyrénées,France,EU,Central,TEC-CO-10002083,Technology,Copiers,"HP Fax and Copier, High-Speed",120,2,0.65,-88.977,17.38,High,2014
IN-2014-14850,2014-12-26,2014-12-31,Standard Class,Sonia Sunley,Consumer,Yogyakarta,Indonesia,APAC,Southeast Asia,OFF-ST-10002650,Office Supplies,Storage,"Fellowes Lockers, Wire Frame",343,2,0.17,61.884,17.23,Medium,2014
CA-2014-121398,2014-12-26,2014-12-30,Standard Class,Fred Hopkins,Corporate,California,United States,US,West,OFF-ST-10002756,Office Supplies,Storage,"Tennsco Stur-D-Stor Boltless Shelving, 5 Shelves, 24"" Deep, Sand",271,2,0.0,2.7062,16.73,Medium,2014
ID-2014-86033,2014-12-26,2014-12-30,Second Class,Bobby Odegard,Consumer,Queensland,Australia,APAC,Oceania,TEC-CO-10002065,Technology,Copiers,"HP Fax Machine, High-Speed",179,1,0.4,-98.406,18.46,High,2014
ES-2014-4296634,2014-12-27,2015-01-02,Standard Class,Harry Marie,Corporate,Brittany,France,EU,Central,OFF-BI-10001124,Office Supplies,Binders,"Ibico Binder Covers, Clear",26,2,0.0,1.8,2.82,Low,2014
IN-2014-32812,2014-12-27,2014-12-31,Standard Class,Corey-Lock,Consumer,Yangon,Myanmar (Burma),APAC,Southeast Asia,FUR-FU-10000496,Furniture,Furnishings,"Eldon Clock, Duo Pack",41,1,0.27,11.3034,3.21,Medium,2014
ES-2014-4296634,2014-12-27,2015-01-02,Standard Class,Harry Marie,Corporate,Brittany,France,EU,Central,OFF-EN-10000648,Office Supplies,Envelopes,"Jiffy Peel and Seal, with clear poly window",24,1,0.0,4.47,3.27,Low,2014
ES-2014-4296634,2014-12-27,2015-01-02,Standard Class,Harry Marie,Corporate,Brittany,France,EU,Central,OFF-ST-10000154,Office Supplies,Storage,"Smead Box, Single Width",87,9,0.1,15.39,6.85,Low,2014
AJ-2014-6800,2014-12-27,2015-01-01,Standard Class,Dan Reichenbach,Corporate,Baki,Azerbaijan,EMEA,EMEA,FUR-DEF-10000720,Furniture,Furnishings,"Deflect-O Door Stop, Duo Pack",44,1,0.0,15.84,3.66,Medium,2014
US-2014-106705,2014-12-27,2015-01-02,Standard Class,Patrick O'Brill,Consumer,Iowa,United States,US,Central,OFF-PA-10001509,Office Supplies,Paper,"Recycled Desk Saver Line ""While You Were Out"" Book, 5 1/2"" X 4""",45,5,0.0,20.585,4.23,Low,2014
IN-2014-33498,2014-12-27,2014-12-31,Standard Class,Lycoris Saunders,Consumer,Busan,South Korea,APAC,North Asia,OFF-AP-10000775,Office Supplies,Appliances,"Breville Blender, Silver",90,2,0.5,-21.66,5.01,Medium,2014
IN-2014-32812,2014-12-27,2014-12-31,Standard Class,Corey-Lock,Consumer,Yangon,Myanmar (Burma),APAC,Southeast Asia,OFF-AR-10000578,Office Supplies,Art,"BIC Pencil Sharpener, Fluorescent",100,4,0.17,-12.1836,5.14,Medium,2014
IN-2014-33498,2014-12-27,2014-12-31,Standard Class,Lycoris Saunders,Consumer,Busan,South Korea,APAC,North Asia,OFF-ST-10004060,Office Supplies,Storage,"Fellowes Lockers, Blue",207,2,0.5,-29.07,6.59,Medium,2014
IN-2014-32812,2014-12-27,2014-12-31,Standard Class,Corey-Lock,Consumer,Yangon,Myanmar (Burma),APAC,Southeast Asia,OFF-LA-10002765,Office Supplies,Labels,"Harbour Creations Legal Exhibit Labels, Adjustable",29,4,0.17,-1.818,2.78,Medium,2014
ES-2014-4917515,2014-12-27,2014-12-31,Standard Class,Robert Marley,Home Office,Lombardy,Italy,EU,South,OFF-SU-10003357,Office Supplies,Supplies,"Fiskars Shears, Steel",94,2,0.0,27.24,3.92,Medium,2014
ES-2014-3538315,2014-12-27,2015-01-02,Standard Class,Liz Carlisle,Consumer,England,United Kingdom,EU,North,OFF-EN-10002015,Office Supplies,Envelopes,"GlobeWeis Peel and Seal, with clear poly window",25,1,0.0,1.23,2.74,Medium,2014
IT-2014-4560369,2014-12-27,2014-12-31,Standard Class,Vivek Grady,Corporate,South Holland,Netherlands,EU,Central,OFF-LA-10001169,Office Supplies,Labels,"Harbour Creations Round Labels, Laser Printer Compatible",17,5,0.5,-11.925,1.24,Medium,2014
AJ-2014-6800,2014-12-27,2015-01-01,Standard Class,Dan Reichenbach,Corporate,Baki,Azerbaijan,EMEA,EMEA,OFF-STI-10001651,Office Supplies,Supplies,"Stiletto Shears, Steel",47,1,0.0,4.26,2.03,Medium,2014
MO-2014-2060,2014-12-27,2015-01-03,Standard Class,Victoria Brennan,Corporate,Rabat-Salé-Zemmour-Zaer,Morocco,Africa,Africa,OFF-SAN-10003285,Office Supplies,Art,"Sanford Pens, Fluorescent",12,1,0.0,3.45,1.85,Low,2014
US-2014-120166,2014-12-27,2014-12-31,Standard Class,Frank Hawley,Corporate,Valle del Cauca,Colombia,LATAM,South,OFF-BI-10003503,Office Supplies,Binders,"Cardinal Index Tab, Economy",12,2,0.0,3.72,1.75,High,2014
CA-2014-136238,2014-12-27,2015-01-02,Standard Class,Karen Bern,Corporate,Texas,United States,US,Central,OFF-PA-10004285,Office Supplies,Paper,Xerox 1959,16,3,0.2,5.6112,1.34,Medium,2014
NI-2014-980,2014-12-27,2014-12-29,Second Class,Ben Peterman,Corporate,Bauchi,Nigeria,Africa,Africa,OFF-STA-10004327,Office Supplies,Art,"Stanley Markers, Blue",13,2,0.7,-27.12,1.23,Medium,2014
IN-2014-33498,2014-12-27,2014-12-31,Standard Class,Lycoris Saunders,Consumer,Busan,South Korea,APAC,North Asia,OFF-FA-10000757,Office Supplies,Fasteners,"Stockwell Paper Clips, Assorted Sizes",11,2,0.5,-2.01,0.88,Medium,2014
US-2014-152009,2014-12-27,2014-12-30,Second Class,Bruce Degenhardt,Consumer,Choluteca,Honduras,LATAM,Central,OFF-BI-10004428,Office Supplies,Binders,"Cardinal Binder, Clear",16,3,0.4,-6.912,0.84,Medium,2014
AG-2014-4720,2014-12-27,2014-12-31,Standard Class,Rose O'Brian,Consumer,Oran,Algeria,Africa,Africa,OFF-STA-10003027,Office Supplies,Art,"Stanley Highlighters, Easy-Erase",15,1,0.0,5.37,0.52,Medium,2014
MX-2014-136056,2014-12-27,2014-12-29,Second Class,Jill Fjeld,Consumer,Tamaulipas,Mexico,LATAM,North,OFF-LA-10002063,Office Supplies,Labels,"Hon Round Labels, 5000 Label Set",19,4,0.0,3.76,0.5,Medium,2014
CA-2014-112487,2014-12-27,2014-12-31,Standard Class,Tracy Collins,Home Office,Ohio,United States,US,East,OFF-BI-10000494,Office Supplies,Binders,Acco Economy Flexible Poly Round Ring Binder,3,2,0.7,-2.61,0.11,Medium,2014
US-2014-120166,2014-12-27,2014-12-31,Standard Class,Frank Hawley,Corporate,Valle del Cauca,Colombia,LATAM,South,OFF-SU-10004192,Office Supplies,Supplies,"Fiskars Ruler, Easy Grip",54,5,0.0,10.7,8.14,High,2014
IN-2014-33498,2014-12-27,2014-12-31,Standard Class,Lycoris Saunders,Consumer,Busan,South Korea,APAC,North Asia,OFF-FA-10002890,Office Supplies,Fasteners,"Accos Staples, Bulk Pack",22,4,0.5,-1.38,2.57,Medium,2014
MX-2014-101147,2014-12-27,2015-01-01,Standard Class,Chloris Kastensmidt,Consumer,San Luis Potosí,Mexico,LATAM,North,OFF-FA-10002526,Office Supplies,Fasteners,"Accos Staples, 12 Pack",55,8,0.0,25.44,8.42,High,2014
IN-2014-32812,2014-12-27,2014-12-31,Standard Class,Corey-Lock,Consumer,Yangon,Myanmar (Burma),APAC,Southeast Asia,OFF-FA-10001526,Office Supplies,Fasteners,"Stockwell Rubber Bands, 12 Pack",53,4,0.17,9.5472,3.93,Medium,2014
MX-2014-125332,2014-12-27,2014-12-31,Standard Class,Dennis Kane,Consumer,Tamaulipas,Mexico,LATAM,North,OFF-BI-10003709,Office Supplies,Binders,"Wilson Jones Binding Machine, Durable",67,2,0.0,6.04,9.2,High,2014
MX-2014-105907,2014-12-27,2014-12-29,Second Class,Magdelene Morse,Consumer,Guatemala,Guatemala,LATAM,Central,FUR-CH-10000953,Furniture,Chairs,"Harbour Creations Swivel Stool, Black",829,7,0.0,49.7,164.39,High,2014
CA-2014-121741,2014-12-27,2014-12-27,Same Day,Yoseph Carroll,Corporate,Nebraska,United States,US,Central,OFF-ST-10004459,Office Supplies,Storage,Tennsco Single-Tier Lockers,751,2,0.0,37.534,163.0,High,2014
KE-2014-4180,2014-12-27,2014-12-29,Second Class,Lori Olson,Corporate,Nairobi,Kenya,Africa,Africa,TEC-CIS-10000758,Technology,Phones,"Cisco Smart Phone, Full Size",653,1,0.0,169.68,157.47,Critical,2014
US-2014-120166,2014-12-27,2014-12-31,Standard Class,Frank Hawley,Corporate,Valle del Cauca,Colombia,LATAM,South,FUR-TA-10000310,Furniture,Tables,"Barricks Training Table, Rectangular",842,5,0.2,-200.08,120.11,High,2014
ES-2014-4296634,2014-12-27,2015-01-02,Standard Class,Harry Marie,Corporate,Brittany,France,EU,Central,OFF-AP-10001776,Office Supplies,Appliances,"Hamilton Beach Microwave, White",1010,4,0.1,-44.94,108.27,Low,2014
US-2014-152009,2014-12-27,2014-12-30,Second Class,Bruce Degenhardt,Consumer,Choluteca,Honduras,LATAM,Central,TEC-CO-10002586,Technology,Copiers,"Brother Ink, Color",534,9,0.402,-73.28088,61.27,Medium,2014
IT-2014-4046179,2014-12-27,2014-12-30,Second Class,Jeremy Farry,Consumer,Stockholm,Sweden,EU,North,OFF-AP-10003590,Office Supplies,Appliances,"KitchenAid Refrigerator, Black",1582,6,0.5,-443.07,55.39,Medium,2014
MX-2014-125332,2014-12-27,2014-12-31,Standard Class,Dennis Kane,Consumer,Tamaulipas,Mexico,LATAM,North,OFF-AP-10003497,Office Supplies,Appliances,"Breville Coffee Grinder, Black",204,5,0.0,28.6,47.97,High,2014
AJ-2014-6800,2014-12-27,2015-01-01,Standard Class,Dan Reichenbach,Corporate,Baki,Azerbaijan,EMEA,EMEA,TEC-MEM-10004014,Technology,Accessories,"Memorex Router, Bluetooth",985,4,0.0,374.16,42.72,Medium,2014
IT-2014-4560369,2014-12-27,2014-12-31,Standard Class,Vivek Grady,Corporate,South Holland,Netherlands,EU,Central,OFF-ST-10002159,Office Supplies,Storage,"Fellowes Lockers, Wire Frame",929,9,0.5,-92.88,36.08,Medium,2014
TU-2014-8720,2014-12-27,2014-12-29,First Class,Melanie Seite,Consumer,Istanbul,Turkey,EMEA,EMEA,FUR-BAR-10001039,Furniture,Tables,"Barricks Coffee Table, Fully Assembled",121,1,0.6,-136.362,29.98,High,2014
IN-2014-36795,2014-12-27,2014-12-29,First Class,Cynthia Voltz,Corporate,Maharashtra,India,APAC,Central Asia,OFF-PA-10000776,Office Supplies,Paper,"Xerox Cards & Envelopes, Premium",180,4,0.0,84.48,27.91,High,2014
TU-2014-8720,2014-12-27,2014-12-29,First Class,Melanie Seite,Consumer,Istanbul,Turkey,EMEA,EMEA,FUR-SAF-10003469,Furniture,Bookcases,"Safco Classic Bookcase, Traditional",175,1,0.6,-148.98,35.88,High,2014
IN-2014-32812,2014-12-27,2014-12-31,Standard Class,Corey-Lock,Consumer,Yangon,Myanmar (Burma),APAC,Southeast Asia,FUR-CH-10000432,Furniture,Chairs,"Harbour Creations Swivel Stool, Adjustable",533,4,0.27,-153.4188,24.51,Medium,2014
ID-2014-21640,2014-12-27,2014-12-31,Standard Class,Stephanie Ulpright,Home Office,Maharashtra,India,APAC,Central Asia,OFF-ST-10003306,Office Supplies,Storage,"Eldon File Cart, Single Width",193,3,0.5,-154.125,9.94,Medium,2014
IN-2014-32812,2014-12-27,2014-12-31,Standard Class,Corey-Lock,Consumer,Yangon,Myanmar (Burma),APAC,Southeast Asia,TEC-CO-10000560,Technology,Copiers,"Hewlett Ink, High-Speed",185,2,0.37,-102.8712,11.27,Medium,2014
US-2014-152009,2014-12-27,2014-12-30,Second Class,Bruce Degenhardt,Consumer,Choluteca,Honduras,LATAM,Central,FUR-BO-10001042,Furniture,Bookcases,"Dania 3-Shelf Cabinet, Pine",228,4,0.4,-95.2,11.69,Medium,2014
IN-2014-32812,2014-12-27,2014-12-31,Standard Class,Corey-Lock,Consumer,Yangon,Myanmar (Burma),APAC,Southeast Asia,TEC-MA-10004553,Technology,Machines,"Epson Receipt Printer, Red",474,5,0.17,-5.853,25.55,Medium,2014
MX-2014-101147,2014-12-27,2015-01-01,Standard Class,Chloris Kastensmidt,Consumer,San Luis Potosí,Mexico,LATAM,North,TEC-CO-10004521,Technology,Copiers,"HP Personal Copier, Laser",248,3,0.002,108.82284,12.73,High,2014
IN-2014-32812,2014-12-27,2014-12-31,Standard Class,Corey-Lock,Consumer,Yangon,Myanmar (Burma),APAC,Southeast Asia,TEC-CO-10003250,Technology,Copiers,"Brother Personal Copier, Digital",180,2,0.37,-19.9722,13.16,Medium,2014
AG-2014-9060,2014-12-27,2015-01-01,Standard Class,Yana Sorensen,Corporate,Alger,Algeria,Africa,Africa,TEC-STA-10004542,Technology,Machines,"StarTech Calculator, Durable",160,4,0.0,24.0,12.66,Medium,2014
ES-2014-4296634,2014-12-27,2015-01-02,Standard Class,Harry Marie,Corporate,Brittany,France,EU,Central,TEC-AC-10004054,Technology,Accessories,"Memorex Memory Card, Erganomic",200,2,0.0,36.0,13.93,Low,2014
IT-2014-4560369,2014-12-27,2014-12-31,Standard Class,Vivek Grady,Corporate,South Holland,Netherlands,EU,Central,TEC-MA-10003315,Technology,Machines,"Panasonic Card Printer, Red",342,4,0.5,-102.66,15.61,Medium,2014
ES-2014-4296634,2014-12-27,2015-01-02,Standard Class,Harry Marie,Corporate,Brittany,France,EU,Central,OFF-AR-10003658,Office Supplies,Art,"Boston Markers, Water Color",177,6,0.0,0.0,18.33,Low,2014
US-2014-152009,2014-12-27,2014-12-30,Second Class,Bruce Degenhardt,Consumer,Choluteca,Honduras,LATAM,Central,TEC-PH-10004048,Technology,Phones,"Apple Audio Dock, Full Size",269,4,0.4,-130.112,18.98,Medium,2014
ES-2014-3538315,2014-12-27,2015-01-02,Standard Class,Liz Carlisle,Consumer,England,United Kingdom,EU,North,OFF-ST-10003322,Office Supplies,Storage,"Eldon Shelving, Wire Frame",190,4,0.0,15.12,9.06,Medium,2014
ES-2014-2434348,2014-12-28,2015-01-04,Standard Class,Brad Eason,Home Office,Provence-Alpes-Côte d'Azur,France,EU,Central,OFF-BI-10001119,Office Supplies,Binders,"Wilson Jones Index Tab, Clear",41,7,0.0,3.57,4.26,Medium,2014
US-2014-161186,2014-12-28,2015-01-01,Standard Class,Sandra Glassco,Consumer,Ouest,Haiti,LATAM,Caribbean,TEC-AC-10004044,Technology,Accessories,"SanDisk Mouse, Programmable",32,2,0.4,-6.392,1.11,Medium,2014
EG-2014-5780,2014-12-28,2014-12-30,Second Class,Zuschuss Donatelli,Consumer,Al Qahirah,Egypt,Africa,Africa,OFF-HON-10001102,Office Supplies,Labels,"Hon Legal Exhibit Labels, Adjustable",9,1,0.0,1.38,1.23,High,2014
EG-2014-5780,2014-12-28,2014-12-30,Second Class,Zuschuss Donatelli,Consumer,Al Qahirah,Egypt,Africa,Africa,OFF-AVE-10000432,Office Supplies,Binders,"Avery Index Tab, Clear",23,4,0.0,6.24,1.62,High,2014
CA-2014-134404,2014-12-28,2014-12-28,Same Day,Dan Reichenbach,Corporate,Ohio,United States,US,East,OFF-AR-10004441,Office Supplies,Art,BIC Brite Liner Highlighters,13,4,0.2,3.6432,2.9,Medium,2014
EG-2014-5780,2014-12-28,2014-12-30,Second Class,Zuschuss Donatelli,Consumer,Al Qahirah,Egypt,Africa,Africa,FUR-DEF-10001359,Furniture,Furnishings,"Deflect-O Frame, Erganomic",109,1,0.0,2.16,10.59,High,2014
MX-2014-128566,2014-12-28,2015-01-03,Standard Class,Tracy Collins,Home Office,León,Nicaragua,LATAM,Central,TEC-AC-10003690,Technology,Accessories,"Logitech Numeric Keypad, USB",124,4,0.0,0.0,12.19,Low,2014
MX-2014-128566,2014-12-28,2015-01-03,Standard Class,Tracy Collins,Home Office,León,Nicaragua,LATAM,Central,FUR-CH-10001972,Furniture,Chairs,"Hon Chairmat, Adjustable",116,3,0.0,26.64,13.69,Low,2014
CA-2014-134404,2014-12-28,2014-12-28,Same Day,Dan Reichenbach,Corporate,Ohio,United States,US,East,TEC-PH-10000576,Technology,Phones,AT&T 1080 Corded phone,164,2,0.4,-35.6174,14.67,Medium,2014
ES-2014-5366847,2014-12-28,2014-12-31,First Class,Zuschuss Carroll,Consumer,England,United Kingdom,EU,North,OFF-EN-10000056,Office Supplies,Envelopes,"Ames Manila Envelope, Security-Tint",135,5,0.0,54.15,20.55,Medium,2014
ES-2014-2434348,2014-12-28,2015-01-04,Standard Class,Brad Eason,Home Office,Provence-Alpes-Côte d'Azur,France,EU,Central,OFF-BI-10000538,Office Supplies,Binders,"Acco Binding Machine, Clear",202,4,0.0,22.2,21.9,Medium,2014
ES-2014-2434348,2014-12-28,2015-01-04,Standard Class,Brad Eason,Home Office,Provence-Alpes-Côte d'Azur,France,EU,Central,OFF-AP-10002531,Office Supplies,Appliances,"Hoover Blender, White",441,5,0.1,-44.16,28.85,Medium,2014
ES-2014-5366847,2014-12-28,2014-12-31,First Class,Zuschuss Carroll,Consumer,England,United Kingdom,EU,North,OFF-PA-10000908,Office Supplies,Paper,"Xerox Note Cards, Premium",237,9,0.0,47.25,40.28,Medium,2014
